{
  "id": "91fd384f-ceea-4bfc-bb33-4ad1896c9c80",
  "prevId": "00000000-0000-0000-0000-000000000000",
  "version": "7",
  "dialect": "postgresql",
  "tables": {
    "public.ai_analysis": {
      "name": "ai_analysis",
      "schema": "",
      "columns": {
        "id": {
          "name": "id",
          "type": "serial",
          "primaryKey": true,
          "notNull": true
        },
        "market_conditions": {
          "name": "market_conditions",
          "type": "text",
          "primaryKey": false,
          "notNull": true
        },
        "technical_outlook": {
          "name": "technical_outlook",
          "type": "text",
          "primaryKey": false,
          "notNull": true
        },
        "risk_assessment": {
          "name": "risk_assessment",
          "type": "text",
          "primaryKey": false,
          "notNull": true
        },
        "sector_rotation": {
          "name": "sector_rotation",
          "type": "text",
          "primaryKey": false,
          "notNull": true
        },
        "confidence": {
          "name": "confidence",
          "type": "numeric(3, 2)",
          "primaryKey": false,
          "notNull": true
        },
        "timestamp": {
          "name": "timestamp",
          "type": "timestamp",
          "primaryKey": false,
          "notNull": true,
          "default": "now()"
        }
      },
      "indexes": {},
      "foreignKeys": {},
      "compositePrimaryKeys": {},
      "uniqueConstraints": {},
      "policies": {},
      "checkConstraints": {},
      "isRLSEnabled": false
    },
    "public.data_collection_audit": {
      "name": "data_collection_audit",
      "schema": "",
      "columns": {
        "id": {
          "name": "id",
          "type": "serial",
          "primaryKey": true,
          "notNull": true
        },
        "data_type": {
          "name": "data_type",
          "type": "text",
          "primaryKey": false,
          "notNull": true
        },
        "symbol": {
          "name": "symbol",
          "type": "text",
          "primaryKey": false,
          "notNull": false
        },
        "collection_date": {
          "name": "collection_date",
          "type": "timestamp",
          "primaryKey": false,
          "notNull": true
        },
        "records_processed": {
          "name": "records_processed",
          "type": "integer",
          "primaryKey": false,
          "notNull": true
        },
        "api_calls_used": {
          "name": "api_calls_used",
          "type": "integer",
          "primaryKey": false,
          "notNull": true
        },
        "status": {
          "name": "status",
          "type": "text",
          "primaryKey": false,
          "notNull": true
        },
        "error_message": {
          "name": "error_message",
          "type": "text",
          "primaryKey": false,
          "notNull": false
        },
        "data_range_start": {
          "name": "data_range_start",
          "type": "timestamp",
          "primaryKey": false,
          "notNull": false
        },
        "data_range_end": {
          "name": "data_range_end",
          "type": "timestamp",
          "primaryKey": false,
          "notNull": false
        },
        "processing_time_ms": {
          "name": "processing_time_ms",
          "type": "integer",
          "primaryKey": false,
          "notNull": false
        },
        "created_at": {
          "name": "created_at",
          "type": "timestamp",
          "primaryKey": false,
          "notNull": true,
          "default": "now()"
        }
      },
      "indexes": {
        "idx_audit_data_type": {
          "name": "idx_audit_data_type",
          "columns": [
            {
              "expression": "data_type",
              "isExpression": false,
              "asc": true,
              "nulls": "last"
            }
          ],
          "isUnique": false,
          "concurrently": false,
          "method": "btree",
          "with": {}
        },
        "idx_audit_collection_date": {
          "name": "idx_audit_collection_date",
          "columns": [
            {
              "expression": "collection_date",
              "isExpression": false,
              "asc": true,
              "nulls": "last"
            }
          ],
          "isUnique": false,
          "concurrently": false,
          "method": "btree",
          "with": {}
        }
      },
      "foreignKeys": {},
      "compositePrimaryKeys": {},
      "uniqueConstraints": {},
      "policies": {},
      "checkConstraints": {},
      "isRLSEnabled": false
    },
    "public.data_quality_log": {
      "name": "data_quality_log",
      "schema": "",
      "columns": {
        "id": {
          "name": "id",
          "type": "serial",
          "primaryKey": true,
          "notNull": true
        },
        "operation": {
          "name": "operation",
          "type": "text",
          "primaryKey": false,
          "notNull": true
        },
        "series_id": {
          "name": "series_id",
          "type": "text",
          "primaryKey": false,
          "notNull": true
        },
        "records_processed": {
          "name": "records_processed",
          "type": "integer",
          "primaryKey": false,
          "notNull": true
        },
        "records_stored": {
          "name": "records_stored",
          "type": "integer",
          "primaryKey": false,
          "notNull": true
        },
        "records_skipped": {
          "name": "records_skipped",
          "type": "integer",
          "primaryKey": false,
          "notNull": true
        },
        "start_date": {
          "name": "start_date",
          "type": "timestamp",
          "primaryKey": false,
          "notNull": false
        },
        "end_date": {
          "name": "end_date",
          "type": "timestamp",
          "primaryKey": false,
          "notNull": false
        },
        "execution_time": {
          "name": "execution_time",
          "type": "integer",
          "primaryKey": false,
          "notNull": false
        },
        "status": {
          "name": "status",
          "type": "text",
          "primaryKey": false,
          "notNull": true
        },
        "error_message": {
          "name": "error_message",
          "type": "text",
          "primaryKey": false,
          "notNull": false
        },
        "created_at": {
          "name": "created_at",
          "type": "timestamp",
          "primaryKey": false,
          "notNull": true,
          "default": "now()"
        }
      },
      "indexes": {},
      "foreignKeys": {},
      "compositePrimaryKeys": {},
      "uniqueConstraints": {},
      "policies": {},
      "checkConstraints": {},
      "isRLSEnabled": false
    },
    "public.economic_events": {
      "name": "economic_events",
      "schema": "",
      "columns": {
        "id": {
          "name": "id",
          "type": "serial",
          "primaryKey": true,
          "notNull": true
        },
        "title": {
          "name": "title",
          "type": "text",
          "primaryKey": false,
          "notNull": true
        },
        "description": {
          "name": "description",
          "type": "text",
          "primaryKey": false,
          "notNull": true
        },
        "importance": {
          "name": "importance",
          "type": "text",
          "primaryKey": false,
          "notNull": true
        },
        "event_date": {
          "name": "event_date",
          "type": "timestamp",
          "primaryKey": false,
          "notNull": true
        },
        "actual": {
          "name": "actual",
          "type": "text",
          "primaryKey": false,
          "notNull": false
        },
        "forecast": {
          "name": "forecast",
          "type": "text",
          "primaryKey": false,
          "notNull": false
        },
        "previous": {
          "name": "previous",
          "type": "text",
          "primaryKey": false,
          "notNull": false
        },
        "timestamp": {
          "name": "timestamp",
          "type": "timestamp",
          "primaryKey": false,
          "notNull": true,
          "default": "now()"
        }
      },
      "indexes": {},
      "foreignKeys": {},
      "compositePrimaryKeys": {},
      "uniqueConstraints": {},
      "policies": {},
      "checkConstraints": {},
      "isRLSEnabled": false
    },
    "public.economic_time_series": {
      "name": "economic_time_series",
      "schema": "",
      "columns": {
        "id": {
          "name": "id",
          "type": "serial",
          "primaryKey": true,
          "notNull": true
        },
        "series_id": {
          "name": "series_id",
          "type": "text",
          "primaryKey": false,
          "notNull": true
        },
        "indicator": {
          "name": "indicator",
          "type": "text",
          "primaryKey": false,
          "notNull": true
        },
        "value": {
          "name": "value",
          "type": "numeric(15, 4)",
          "primaryKey": false,
          "notNull": true
        },
        "value_formatted": {
          "name": "value_formatted",
          "type": "text",
          "primaryKey": false,
          "notNull": true
        },
        "category": {
          "name": "category",
          "type": "text",
          "primaryKey": false,
          "notNull": true
        },
        "importance": {
          "name": "importance",
          "type": "text",
          "primaryKey": false,
          "notNull": true
        },
        "frequency": {
          "name": "frequency",
          "type": "text",
          "primaryKey": false,
          "notNull": true
        },
        "units": {
          "name": "units",
          "type": "text",
          "primaryKey": false,
          "notNull": true
        },
        "release_date": {
          "name": "release_date",
          "type": "timestamp",
          "primaryKey": false,
          "notNull": true
        },
        "period_date": {
          "name": "period_date",
          "type": "timestamp",
          "primaryKey": false,
          "notNull": true
        },
        "previous_value": {
          "name": "previous_value",
          "type": "numeric(15, 4)",
          "primaryKey": false,
          "notNull": false
        },
        "monthly_change": {
          "name": "monthly_change",
          "type": "numeric(8, 4)",
          "primaryKey": false,
          "notNull": false
        },
        "annual_change": {
          "name": "annual_change",
          "type": "numeric(8, 4)",
          "primaryKey": false,
          "notNull": false
        },
        "data_source": {
          "name": "data_source",
          "type": "text",
          "primaryKey": false,
          "notNull": true,
          "default": "'fred'"
        },
        "created_at": {
          "name": "created_at",
          "type": "timestamp",
          "primaryKey": false,
          "notNull": true,
          "default": "now()"
        }
      },
      "indexes": {},
      "foreignKeys": {},
      "compositePrimaryKeys": {},
      "uniqueConstraints": {},
      "policies": {},
      "checkConstraints": {},
      "isRLSEnabled": false
    },
    "public.email_subscriptions": {
      "name": "email_subscriptions",
      "schema": "",
      "columns": {
        "id": {
          "name": "id",
          "type": "serial",
          "primaryKey": true,
          "notNull": true
        },
        "email": {
          "name": "email",
          "type": "text",
          "primaryKey": false,
          "notNull": true
        },
        "is_active": {
          "name": "is_active",
          "type": "boolean",
          "primaryKey": false,
          "notNull": true,
          "default": true
        },
        "subscribed_at": {
          "name": "subscribed_at",
          "type": "timestamp",
          "primaryKey": false,
          "notNull": true,
          "default": "now()"
        },
        "unsubscribed_at": {
          "name": "unsubscribed_at",
          "type": "timestamp",
          "primaryKey": false,
          "notNull": false
        },
        "unsubscribe_token": {
          "name": "unsubscribe_token",
          "type": "text",
          "primaryKey": false,
          "notNull": true
        }
      },
      "indexes": {},
      "foreignKeys": {},
      "compositePrimaryKeys": {},
      "uniqueConstraints": {
        "email_subscriptions_email_unique": {
          "name": "email_subscriptions_email_unique",
          "nullsNotDistinct": false,
          "columns": [
            "email"
          ]
        },
        "email_subscriptions_unsubscribe_token_unique": {
          "name": "email_subscriptions_unsubscribe_token_unique",
          "nullsNotDistinct": false,
          "columns": [
            "unsubscribe_token"
          ]
        }
      },
      "policies": {},
      "checkConstraints": {},
      "isRLSEnabled": false
    },
    "public.historical_context": {
      "name": "historical_context",
      "schema": "",
      "columns": {
        "id": {
          "name": "id",
          "type": "serial",
          "primaryKey": true,
          "notNull": true
        },
        "metric_name": {
          "name": "metric_name",
          "type": "text",
          "primaryKey": false,
          "notNull": true
        },
        "metric_value": {
          "name": "metric_value",
          "type": "numeric(10, 4)",
          "primaryKey": false,
          "notNull": true
        },
        "context_date": {
          "name": "context_date",
          "type": "timestamp",
          "primaryKey": false,
          "notNull": true
        },
        "subsequent_return_1w": {
          "name": "subsequent_return_1w",
          "type": "numeric(8, 4)",
          "primaryKey": false,
          "notNull": false
        },
        "subsequent_return_1m": {
          "name": "subsequent_return_1m",
          "type": "numeric(8, 4)",
          "primaryKey": false,
          "notNull": false
        },
        "subsequent_return_3m": {
          "name": "subsequent_return_3m",
          "type": "numeric(8, 4)",
          "primaryKey": false,
          "notNull": false
        },
        "event_context": {
          "name": "event_context",
          "type": "text",
          "primaryKey": false,
          "notNull": false
        },
        "market_regime": {
          "name": "market_regime",
          "type": "text",
          "primaryKey": false,
          "notNull": false
        },
        "timestamp": {
          "name": "timestamp",
          "type": "timestamp",
          "primaryKey": false,
          "notNull": true,
          "default": "now()"
        }
      },
      "indexes": {},
      "foreignKeys": {},
      "compositePrimaryKeys": {},
      "uniqueConstraints": {},
      "policies": {},
      "checkConstraints": {},
      "isRLSEnabled": false
    },
    "public.historical_context_snapshots": {
      "name": "historical_context_snapshots",
      "schema": "",
      "columns": {
        "id": {
          "name": "id",
          "type": "serial",
          "primaryKey": true,
          "notNull": true
        },
        "snapshot_date": {
          "name": "snapshot_date",
          "type": "timestamp",
          "primaryKey": false,
          "notNull": true
        },
        "cpi": {
          "name": "cpi",
          "type": "numeric(8, 4)",
          "primaryKey": false,
          "notNull": false
        },
        "cpi_change": {
          "name": "cpi_change",
          "type": "numeric(8, 4)",
          "primaryKey": false,
          "notNull": false
        },
        "core_cpi": {
          "name": "core_cpi",
          "type": "numeric(8, 4)",
          "primaryKey": false,
          "notNull": false
        },
        "unemployment": {
          "name": "unemployment",
          "type": "numeric(5, 2)",
          "primaryKey": false,
          "notNull": false
        },
        "payrolls": {
          "name": "payrolls",
          "type": "integer",
          "primaryKey": false,
          "notNull": false
        },
        "retail_sales": {
          "name": "retail_sales",
          "type": "numeric(8, 4)",
          "primaryKey": false,
          "notNull": false
        },
        "housing_starts": {
          "name": "housing_starts",
          "type": "numeric(8, 4)",
          "primaryKey": false,
          "notNull": false
        },
        "fed_funds": {
          "name": "fed_funds",
          "type": "numeric(5, 2)",
          "primaryKey": false,
          "notNull": false
        },
        "inflation_trend": {
          "name": "inflation_trend",
          "type": "text",
          "primaryKey": false,
          "notNull": false
        },
        "employment_trend": {
          "name": "employment_trend",
          "type": "text",
          "primaryKey": false,
          "notNull": false
        },
        "housing_trend": {
          "name": "housing_trend",
          "type": "text",
          "primaryKey": false,
          "notNull": false
        },
        "overall_sentiment": {
          "name": "overall_sentiment",
          "type": "text",
          "primaryKey": false,
          "notNull": false
        },
        "created_at": {
          "name": "created_at",
          "type": "timestamp",
          "primaryKey": false,
          "notNull": true,
          "default": "now()"
        }
      },
      "indexes": {},
      "foreignKeys": {},
      "compositePrimaryKeys": {},
      "uniqueConstraints": {},
      "policies": {},
      "checkConstraints": {},
      "isRLSEnabled": false
    },
    "public.historical_economic_data": {
      "name": "historical_economic_data",
      "schema": "",
      "columns": {
        "id": {
          "name": "id",
          "type": "serial",
          "primaryKey": true,
          "notNull": true
        },
        "indicator": {
          "name": "indicator",
          "type": "text",
          "primaryKey": false,
          "notNull": true
        },
        "value": {
          "name": "value",
          "type": "text",
          "primaryKey": false,
          "notNull": true
        },
        "previous_value": {
          "name": "previous_value",
          "type": "text",
          "primaryKey": false,
          "notNull": false
        },
        "forecast": {
          "name": "forecast",
          "type": "text",
          "primaryKey": false,
          "notNull": false
        },
        "unit": {
          "name": "unit",
          "type": "text",
          "primaryKey": false,
          "notNull": false
        },
        "period": {
          "name": "period",
          "type": "text",
          "primaryKey": false,
          "notNull": true
        },
        "release_date": {
          "name": "release_date",
          "type": "text",
          "primaryKey": false,
          "notNull": true
        },
        "timestamp": {
          "name": "timestamp",
          "type": "timestamp",
          "primaryKey": false,
          "notNull": true,
          "default": "now()"
        }
      },
      "indexes": {},
      "foreignKeys": {},
      "compositePrimaryKeys": {},
      "uniqueConstraints": {},
      "policies": {},
      "checkConstraints": {},
      "isRLSEnabled": false
    },
    "public.historical_market_sentiment": {
      "name": "historical_market_sentiment",
      "schema": "",
      "columns": {
        "id": {
          "name": "id",
          "type": "serial",
          "primaryKey": true,
          "notNull": true
        },
        "date": {
          "name": "date",
          "type": "timestamp",
          "primaryKey": false,
          "notNull": true
        },
        "vix": {
          "name": "vix",
          "type": "numeric(5, 2)",
          "primaryKey": false,
          "notNull": false
        },
        "vix_change": {
          "name": "vix_change",
          "type": "numeric(5, 2)",
          "primaryKey": false,
          "notNull": false
        },
        "put_call_ratio": {
          "name": "put_call_ratio",
          "type": "numeric(5, 4)",
          "primaryKey": false,
          "notNull": false
        },
        "fear_greed_index": {
          "name": "fear_greed_index",
          "type": "integer",
          "primaryKey": false,
          "notNull": false
        },
        "aaii_bullish": {
          "name": "aaii_bullish",
          "type": "numeric(5, 2)",
          "primaryKey": false,
          "notNull": false
        },
        "aaii_bearish": {
          "name": "aaii_bearish",
          "type": "numeric(5, 2)",
          "primaryKey": false,
          "notNull": false
        },
        "data_source": {
          "name": "data_source",
          "type": "text",
          "primaryKey": false,
          "notNull": true,
          "default": "'twelve_data'"
        },
        "created_at": {
          "name": "created_at",
          "type": "timestamp",
          "primaryKey": false,
          "notNull": true,
          "default": "now()"
        }
      },
      "indexes": {
        "idx_historical_sentiment_date": {
          "name": "idx_historical_sentiment_date",
          "columns": [
            {
              "expression": "date",
              "isExpression": false,
              "asc": true,
              "nulls": "last"
            }
          ],
          "isUnique": false,
          "concurrently": false,
          "method": "btree",
          "with": {}
        }
      },
      "foreignKeys": {},
      "compositePrimaryKeys": {},
      "uniqueConstraints": {
        "historical_market_sentiment_date_unique": {
          "name": "historical_market_sentiment_date_unique",
          "nullsNotDistinct": false,
          "columns": [
            "date"
          ]
        }
      },
      "policies": {},
      "checkConstraints": {},
      "isRLSEnabled": false
    },
    "public.historical_sector_data": {
      "name": "historical_sector_data",
      "schema": "",
      "columns": {
        "id": {
          "name": "id",
          "type": "serial",
          "primaryKey": true,
          "notNull": true
        },
        "symbol": {
          "name": "symbol",
          "type": "text",
          "primaryKey": false,
          "notNull": true
        },
        "date": {
          "name": "date",
          "type": "timestamp",
          "primaryKey": false,
          "notNull": true
        },
        "open": {
          "name": "open",
          "type": "numeric(10, 2)",
          "primaryKey": false,
          "notNull": true
        },
        "high": {
          "name": "high",
          "type": "numeric(10, 2)",
          "primaryKey": false,
          "notNull": true
        },
        "low": {
          "name": "low",
          "type": "numeric(10, 2)",
          "primaryKey": false,
          "notNull": true
        },
        "close": {
          "name": "close",
          "type": "numeric(10, 2)",
          "primaryKey": false,
          "notNull": true
        },
        "volume": {
          "name": "volume",
          "type": "integer",
          "primaryKey": false,
          "notNull": true
        },
        "change_percent": {
          "name": "change_percent",
          "type": "numeric(5, 2)",
          "primaryKey": false,
          "notNull": false
        },
        "data_source": {
          "name": "data_source",
          "type": "text",
          "primaryKey": false,
          "notNull": true,
          "default": "'twelve_data'"
        },
        "created_at": {
          "name": "created_at",
          "type": "timestamp",
          "primaryKey": false,
          "notNull": true,
          "default": "now()"
        }
      },
      "indexes": {
        "idx_historical_sector_symbol": {
          "name": "idx_historical_sector_symbol",
          "columns": [
            {
              "expression": "symbol",
              "isExpression": false,
              "asc": true,
              "nulls": "last"
            }
          ],
          "isUnique": false,
          "concurrently": false,
          "method": "btree",
          "with": {}
        },
        "idx_historical_sector_date": {
          "name": "idx_historical_sector_date",
          "columns": [
            {
              "expression": "date",
              "isExpression": false,
              "asc": true,
              "nulls": "last"
            }
          ],
          "isUnique": false,
          "concurrently": false,
          "method": "btree",
          "with": {}
        }
      },
      "foreignKeys": {},
      "compositePrimaryKeys": {},
      "uniqueConstraints": {
        "historical_sector_data_symbol_date_unique": {
          "name": "historical_sector_data_symbol_date_unique",
          "nullsNotDistinct": false,
          "columns": [
            "symbol",
            "date"
          ]
        }
      },
      "policies": {},
      "checkConstraints": {},
      "isRLSEnabled": false
    },
    "public.historical_stock_data": {
      "name": "historical_stock_data",
      "schema": "",
      "columns": {
        "id": {
          "name": "id",
          "type": "serial",
          "primaryKey": true,
          "notNull": true
        },
        "symbol": {
          "name": "symbol",
          "type": "text",
          "primaryKey": false,
          "notNull": true
        },
        "open": {
          "name": "open",
          "type": "numeric(10, 2)",
          "primaryKey": false,
          "notNull": true
        },
        "high": {
          "name": "high",
          "type": "numeric(10, 2)",
          "primaryKey": false,
          "notNull": true
        },
        "low": {
          "name": "low",
          "type": "numeric(10, 2)",
          "primaryKey": false,
          "notNull": true
        },
        "close": {
          "name": "close",
          "type": "numeric(10, 2)",
          "primaryKey": false,
          "notNull": true
        },
        "volume": {
          "name": "volume",
          "type": "integer",
          "primaryKey": false,
          "notNull": true
        },
        "date": {
          "name": "date",
          "type": "timestamp",
          "primaryKey": false,
          "notNull": true
        },
        "created_at": {
          "name": "created_at",
          "type": "timestamp",
          "primaryKey": false,
          "notNull": true,
          "default": "now()"
        },
        "data_source": {
          "name": "data_source",
          "type": "text",
          "primaryKey": false,
          "notNull": true,
          "default": "'twelve_data'"
        }
      },
      "indexes": {},
      "foreignKeys": {},
      "compositePrimaryKeys": {},
      "uniqueConstraints": {},
      "policies": {},
      "checkConstraints": {},
      "isRLSEnabled": false
    },
    "public.historical_technical_indicators": {
      "name": "historical_technical_indicators",
      "schema": "",
      "columns": {
        "id": {
          "name": "id",
          "type": "serial",
          "primaryKey": true,
          "notNull": true
        },
        "symbol": {
          "name": "symbol",
          "type": "text",
          "primaryKey": false,
          "notNull": true
        },
        "date": {
          "name": "date",
          "type": "timestamp",
          "primaryKey": false,
          "notNull": true
        },
        "rsi": {
          "name": "rsi",
          "type": "numeric(5, 2)",
          "primaryKey": false,
          "notNull": false
        },
        "macd": {
          "name": "macd",
          "type": "numeric(8, 4)",
          "primaryKey": false,
          "notNull": false
        },
        "macd_signal": {
          "name": "macd_signal",
          "type": "numeric(8, 4)",
          "primaryKey": false,
          "notNull": false
        },
        "macd_histogram": {
          "name": "macd_histogram",
          "type": "numeric(8, 4)",
          "primaryKey": false,
          "notNull": false
        },
        "vwap": {
          "name": "vwap",
          "type": "numeric(10, 2)",
          "primaryKey": false,
          "notNull": false
        },
        "bollinger_upper": {
          "name": "bollinger_upper",
          "type": "numeric(10, 2)",
          "primaryKey": false,
          "notNull": false
        },
        "bollinger_middle": {
          "name": "bollinger_middle",
          "type": "numeric(10, 2)",
          "primaryKey": false,
          "notNull": false
        },
        "bollinger_lower": {
          "name": "bollinger_lower",
          "type": "numeric(10, 2)",
          "primaryKey": false,
          "notNull": false
        },
        "atr": {
          "name": "atr",
          "type": "numeric(8, 4)",
          "primaryKey": false,
          "notNull": false
        },
        "adx": {
          "name": "adx",
          "type": "numeric(5, 2)",
          "primaryKey": false,
          "notNull": false
        },
        "stoch_k": {
          "name": "stoch_k",
          "type": "numeric(5, 2)",
          "primaryKey": false,
          "notNull": false
        },
        "stoch_d": {
          "name": "stoch_d",
          "type": "numeric(5, 2)",
          "primaryKey": false,
          "notNull": false
        },
        "williams_r": {
          "name": "williams_r",
          "type": "numeric(5, 2)",
          "primaryKey": false,
          "notNull": false
        },
        "data_source": {
          "name": "data_source",
          "type": "text",
          "primaryKey": false,
          "notNull": true,
          "default": "'twelve_data'"
        },
        "created_at": {
          "name": "created_at",
          "type": "timestamp",
          "primaryKey": false,
          "notNull": true,
          "default": "now()"
        }
      },
      "indexes": {
        "idx_historical_tech_symbol": {
          "name": "idx_historical_tech_symbol",
          "columns": [
            {
              "expression": "symbol",
              "isExpression": false,
              "asc": true,
              "nulls": "last"
            }
          ],
          "isUnique": false,
          "concurrently": false,
          "method": "btree",
          "with": {}
        },
        "idx_historical_tech_date": {
          "name": "idx_historical_tech_date",
          "columns": [
            {
              "expression": "date",
              "isExpression": false,
              "asc": true,
              "nulls": "last"
            }
          ],
          "isUnique": false,
          "concurrently": false,
          "method": "btree",
          "with": {}
        }
      },
      "foreignKeys": {},
      "compositePrimaryKeys": {},
      "uniqueConstraints": {
        "historical_technical_indicators_symbol_date_unique": {
          "name": "historical_technical_indicators_symbol_date_unique",
          "nullsNotDistinct": false,
          "columns": [
            "symbol",
            "date"
          ]
        }
      },
      "policies": {},
      "checkConstraints": {},
      "isRLSEnabled": false
    },
    "public.market_breadth": {
      "name": "market_breadth",
      "schema": "",
      "columns": {
        "id": {
          "name": "id",
          "type": "serial",
          "primaryKey": true,
          "notNull": true
        },
        "advancing_issues": {
          "name": "advancing_issues",
          "type": "integer",
          "primaryKey": false,
          "notNull": true
        },
        "declining_issues": {
          "name": "declining_issues",
          "type": "integer",
          "primaryKey": false,
          "notNull": true
        },
        "advancing_volume": {
          "name": "advancing_volume",
          "type": "numeric(15, 0)",
          "primaryKey": false,
          "notNull": true
        },
        "declining_volume": {
          "name": "declining_volume",
          "type": "numeric(15, 0)",
          "primaryKey": false,
          "notNull": true
        },
        "new_highs": {
          "name": "new_highs",
          "type": "integer",
          "primaryKey": false,
          "notNull": true
        },
        "new_lows": {
          "name": "new_lows",
          "type": "integer",
          "primaryKey": false,
          "notNull": true
        },
        "mcclellan_oscillator": {
          "name": "mcclellan_oscillator",
          "type": "numeric(10, 4)",
          "primaryKey": false,
          "notNull": false
        },
        "timestamp": {
          "name": "timestamp",
          "type": "timestamp",
          "primaryKey": false,
          "notNull": true,
          "default": "now()"
        }
      },
      "indexes": {},
      "foreignKeys": {},
      "compositePrimaryKeys": {},
      "uniqueConstraints": {},
      "policies": {},
      "checkConstraints": {},
      "isRLSEnabled": false
    },
    "public.market_patterns": {
      "name": "market_patterns",
      "schema": "",
      "columns": {
        "id": {
          "name": "id",
          "type": "serial",
          "primaryKey": true,
          "notNull": true
        },
        "pattern_name": {
          "name": "pattern_name",
          "type": "text",
          "primaryKey": false,
          "notNull": true
        },
        "description": {
          "name": "description",
          "type": "text",
          "primaryKey": false,
          "notNull": true
        },
        "detection_date": {
          "name": "detection_date",
          "type": "timestamp",
          "primaryKey": false,
          "notNull": true
        },
        "confidence": {
          "name": "confidence",
          "type": "numeric(3, 2)",
          "primaryKey": false,
          "notNull": true
        },
        "pattern_data": {
          "name": "pattern_data",
          "type": "jsonb",
          "primaryKey": false,
          "notNull": true
        },
        "historical_precedents": {
          "name": "historical_precedents",
          "type": "jsonb",
          "primaryKey": false,
          "notNull": false
        },
        "outcome_actual": {
          "name": "outcome_actual",
          "type": "text",
          "primaryKey": false,
          "notNull": false
        },
        "outcome_predicted": {
          "name": "outcome_predicted",
          "type": "text",
          "primaryKey": false,
          "notNull": false
        },
        "timestamp": {
          "name": "timestamp",
          "type": "timestamp",
          "primaryKey": false,
          "notNull": true,
          "default": "now()"
        }
      },
      "indexes": {},
      "foreignKeys": {},
      "compositePrimaryKeys": {},
      "uniqueConstraints": {},
      "policies": {},
      "checkConstraints": {},
      "isRLSEnabled": false
    },
    "public.market_regimes": {
      "name": "market_regimes",
      "schema": "",
      "columns": {
        "id": {
          "name": "id",
          "type": "serial",
          "primaryKey": true,
          "notNull": true
        },
        "start_date": {
          "name": "start_date",
          "type": "timestamp",
          "primaryKey": false,
          "notNull": true
        },
        "end_date": {
          "name": "end_date",
          "type": "timestamp",
          "primaryKey": false,
          "notNull": false
        },
        "regime_type": {
          "name": "regime_type",
          "type": "text",
          "primaryKey": false,
          "notNull": true
        },
        "characteristics": {
          "name": "characteristics",
          "type": "jsonb",
          "primaryKey": false,
          "notNull": true
        },
        "trigger_event": {
          "name": "trigger_event",
          "type": "text",
          "primaryKey": false,
          "notNull": false
        },
        "avg_return": {
          "name": "avg_return",
          "type": "numeric(8, 4)",
          "primaryKey": false,
          "notNull": false
        },
        "max_drawdown": {
          "name": "max_drawdown",
          "type": "numeric(8, 4)",
          "primaryKey": false,
          "notNull": false
        },
        "volatility": {
          "name": "volatility",
          "type": "numeric(8, 4)",
          "primaryKey": false,
          "notNull": false
        },
        "timestamp": {
          "name": "timestamp",
          "type": "timestamp",
          "primaryKey": false,
          "notNull": true,
          "default": "now()"
        }
      },
      "indexes": {},
      "foreignKeys": {},
      "compositePrimaryKeys": {},
      "uniqueConstraints": {},
      "policies": {},
      "checkConstraints": {},
      "isRLSEnabled": false
    },
    "public.market_sentiment": {
      "name": "market_sentiment",
      "schema": "",
      "columns": {
        "id": {
          "name": "id",
          "type": "serial",
          "primaryKey": true,
          "notNull": true
        },
        "vix": {
          "name": "vix",
          "type": "numeric(5, 2)",
          "primaryKey": false,
          "notNull": true
        },
        "vix_change": {
          "name": "vix_change",
          "type": "numeric(5, 2)",
          "primaryKey": false,
          "notNull": false
        },
        "put_call_ratio": {
          "name": "put_call_ratio",
          "type": "numeric(5, 2)",
          "primaryKey": false,
          "notNull": true
        },
        "put_call_change": {
          "name": "put_call_change",
          "type": "numeric(5, 2)",
          "primaryKey": false,
          "notNull": false
        },
        "aaii_bullish": {
          "name": "aaii_bullish",
          "type": "numeric(5, 2)",
          "primaryKey": false,
          "notNull": true
        },
        "aaii_bullish_change": {
          "name": "aaii_bullish_change",
          "type": "numeric(5, 2)",
          "primaryKey": false,
          "notNull": false
        },
        "aaii_bearish": {
          "name": "aaii_bearish",
          "type": "numeric(5, 2)",
          "primaryKey": false,
          "notNull": true
        },
        "aaii_bearish_change": {
          "name": "aaii_bearish_change",
          "type": "numeric(5, 2)",
          "primaryKey": false,
          "notNull": false
        },
        "aaii_neutral": {
          "name": "aaii_neutral",
          "type": "numeric(5, 2)",
          "primaryKey": false,
          "notNull": true
        },
        "timestamp": {
          "name": "timestamp",
          "type": "timestamp",
          "primaryKey": false,
          "notNull": true,
          "default": "now()"
        },
        "data_source": {
          "name": "data_source",
          "type": "text",
          "primaryKey": false,
          "notNull": true,
          "default": "'aaii_survey'"
        }
      },
      "indexes": {},
      "foreignKeys": {},
      "compositePrimaryKeys": {},
      "uniqueConstraints": {},
      "policies": {},
      "checkConstraints": {},
      "isRLSEnabled": false
    },
    "public.metric_percentiles": {
      "name": "metric_percentiles",
      "schema": "",
      "columns": {
        "id": {
          "name": "id",
          "type": "serial",
          "primaryKey": true,
          "notNull": true
        },
        "metric_name": {
          "name": "metric_name",
          "type": "text",
          "primaryKey": false,
          "notNull": true
        },
        "lookback_period": {
          "name": "lookback_period",
          "type": "text",
          "primaryKey": false,
          "notNull": true
        },
        "percentile_5": {
          "name": "percentile_5",
          "type": "numeric(10, 4)",
          "primaryKey": false,
          "notNull": false
        },
        "percentile_25": {
          "name": "percentile_25",
          "type": "numeric(10, 4)",
          "primaryKey": false,
          "notNull": false
        },
        "percentile_50": {
          "name": "percentile_50",
          "type": "numeric(10, 4)",
          "primaryKey": false,
          "notNull": false
        },
        "percentile_75": {
          "name": "percentile_75",
          "type": "numeric(10, 4)",
          "primaryKey": false,
          "notNull": false
        },
        "percentile_95": {
          "name": "percentile_95",
          "type": "numeric(10, 4)",
          "primaryKey": false,
          "notNull": false
        },
        "last_updated": {
          "name": "last_updated",
          "type": "timestamp",
          "primaryKey": false,
          "notNull": true,
          "default": "now()"
        },
        "data_points": {
          "name": "data_points",
          "type": "integer",
          "primaryKey": false,
          "notNull": true
        }
      },
      "indexes": {},
      "foreignKeys": {},
      "compositePrimaryKeys": {},
      "uniqueConstraints": {
        "metric_percentiles_metric_name_lookback_period_unique": {
          "name": "metric_percentiles_metric_name_lookback_period_unique",
          "nullsNotDistinct": false,
          "columns": [
            "metric_name",
            "lookback_period"
          ]
        }
      },
      "policies": {},
      "checkConstraints": {},
      "isRLSEnabled": false
    },
    "public.narrative_memory": {
      "name": "narrative_memory",
      "schema": "",
      "columns": {
        "id": {
          "name": "id",
          "type": "serial",
          "primaryKey": true,
          "notNull": true
        },
        "theme_group": {
          "name": "theme_group",
          "type": "text",
          "primaryKey": false,
          "notNull": true
        },
        "narrative_thread": {
          "name": "narrative_thread",
          "type": "text",
          "primaryKey": false,
          "notNull": true
        },
        "key_events": {
          "name": "key_events",
          "type": "jsonb",
          "primaryKey": false,
          "notNull": false
        },
        "last_updated": {
          "name": "last_updated",
          "type": "timestamp",
          "primaryKey": false,
          "notNull": true,
          "default": "now()"
        },
        "confidence": {
          "name": "confidence",
          "type": "numeric(3, 2)",
          "primaryKey": false,
          "notNull": true,
          "default": "'0.5'"
        }
      },
      "indexes": {},
      "foreignKeys": {},
      "compositePrimaryKeys": {},
      "uniqueConstraints": {},
      "policies": {},
      "checkConstraints": {},
      "isRLSEnabled": false
    },
    "public.sector_data": {
      "name": "sector_data",
      "schema": "",
      "columns": {
        "id": {
          "name": "id",
          "type": "serial",
          "primaryKey": true,
          "notNull": true
        },
        "symbol": {
          "name": "symbol",
          "type": "text",
          "primaryKey": false,
          "notNull": true
        },
        "name": {
          "name": "name",
          "type": "text",
          "primaryKey": false,
          "notNull": true
        },
        "price": {
          "name": "price",
          "type": "numeric(10, 2)",
          "primaryKey": false,
          "notNull": true
        },
        "change_percent": {
          "name": "change_percent",
          "type": "numeric(5, 2)",
          "primaryKey": false,
          "notNull": true
        },
        "five_day_change": {
          "name": "five_day_change",
          "type": "numeric(5, 2)",
          "primaryKey": false,
          "notNull": false
        },
        "one_month_change": {
          "name": "one_month_change",
          "type": "numeric(5, 2)",
          "primaryKey": false,
          "notNull": false
        },
        "volume": {
          "name": "volume",
          "type": "integer",
          "primaryKey": false,
          "notNull": true
        },
        "timestamp": {
          "name": "timestamp",
          "type": "timestamp",
          "primaryKey": false,
          "notNull": true,
          "default": "now()"
        }
      },
      "indexes": {},
      "foreignKeys": {},
      "compositePrimaryKeys": {},
      "uniqueConstraints": {},
      "policies": {},
      "checkConstraints": {},
      "isRLSEnabled": false
    },
    "public.stock_data": {
      "name": "stock_data",
      "schema": "",
      "columns": {
        "id": {
          "name": "id",
          "type": "serial",
          "primaryKey": true,
          "notNull": true
        },
        "symbol": {
          "name": "symbol",
          "type": "text",
          "primaryKey": false,
          "notNull": true
        },
        "price": {
          "name": "price",
          "type": "numeric(10, 2)",
          "primaryKey": false,
          "notNull": true
        },
        "change": {
          "name": "change",
          "type": "numeric(10, 2)",
          "primaryKey": false,
          "notNull": true
        },
        "change_percent": {
          "name": "change_percent",
          "type": "numeric(5, 2)",
          "primaryKey": false,
          "notNull": true
        },
        "volume": {
          "name": "volume",
          "type": "integer",
          "primaryKey": false,
          "notNull": true
        },
        "timestamp": {
          "name": "timestamp",
          "type": "timestamp",
          "primaryKey": false,
          "notNull": true,
          "default": "now()"
        }
      },
      "indexes": {},
      "foreignKeys": {},
      "compositePrimaryKeys": {},
      "uniqueConstraints": {},
      "policies": {},
      "checkConstraints": {},
      "isRLSEnabled": false
    },
    "public.technical_indicators": {
      "name": "technical_indicators",
      "schema": "",
      "columns": {
        "id": {
          "name": "id",
          "type": "serial",
          "primaryKey": true,
          "notNull": true
        },
        "symbol": {
          "name": "symbol",
          "type": "text",
          "primaryKey": false,
          "notNull": true
        },
        "rsi": {
          "name": "rsi",
          "type": "numeric(5, 2)",
          "primaryKey": false,
          "notNull": false
        },
        "macd": {
          "name": "macd",
          "type": "numeric(10, 4)",
          "primaryKey": false,
          "notNull": false
        },
        "macd_signal": {
          "name": "macd_signal",
          "type": "numeric(10, 4)",
          "primaryKey": false,
          "notNull": false
        },
        "bb_upper": {
          "name": "bb_upper",
          "type": "numeric(10, 2)",
          "primaryKey": false,
          "notNull": false
        },
        "bb_middle": {
          "name": "bb_middle",
          "type": "numeric(10, 2)",
          "primaryKey": false,
          "notNull": false
        },
        "bb_lower": {
          "name": "bb_lower",
          "type": "numeric(10, 2)",
          "primaryKey": false,
          "notNull": false
        },
        "percent_b": {
          "name": "percent_b",
          "type": "numeric(5, 4)",
          "primaryKey": false,
          "notNull": false
        },
        "adx": {
          "name": "adx",
          "type": "numeric(5, 2)",
          "primaryKey": false,
          "notNull": false
        },
        "stoch_k": {
          "name": "stoch_k",
          "type": "numeric(5, 2)",
          "primaryKey": false,
          "notNull": false
        },
        "stoch_d": {
          "name": "stoch_d",
          "type": "numeric(5, 2)",
          "primaryKey": false,
          "notNull": false
        },
        "sma_20": {
          "name": "sma_20",
          "type": "numeric(10, 2)",
          "primaryKey": false,
          "notNull": false
        },
        "sma_50": {
          "name": "sma_50",
          "type": "numeric(10, 2)",
          "primaryKey": false,
          "notNull": false
        },
        "vwap": {
          "name": "vwap",
          "type": "numeric(10, 2)",
          "primaryKey": false,
          "notNull": false
        },
        "atr": {
          "name": "atr",
          "type": "numeric(10, 4)",
          "primaryKey": false,
          "notNull": false
        },
        "willr": {
          "name": "willr",
          "type": "numeric(5, 2)",
          "primaryKey": false,
          "notNull": false
        },
        "timestamp": {
          "name": "timestamp",
          "type": "timestamp",
          "primaryKey": false,
          "notNull": true,
          "default": "now()"
        }
      },
      "indexes": {},
      "foreignKeys": {},
      "compositePrimaryKeys": {},
      "uniqueConstraints": {},
      "policies": {},
      "checkConstraints": {},
      "isRLSEnabled": false
    },
    "public.thematic_analysis": {
      "name": "thematic_analysis",
      "schema": "",
      "columns": {
        "id": {
          "name": "id",
          "type": "serial",
          "primaryKey": true,
          "notNull": true
        },
        "bottom_line": {
          "name": "bottom_line",
          "type": "text",
          "primaryKey": false,
          "notNull": true
        },
        "dominant_theme": {
          "name": "dominant_theme",
          "type": "text",
          "primaryKey": false,
          "notNull": true
        },
        "setup": {
          "name": "setup",
          "type": "text",
          "primaryKey": false,
          "notNull": true
        },
        "evidence": {
          "name": "evidence",
          "type": "text",
          "primaryKey": false,
          "notNull": true
        },
        "implications": {
          "name": "implications",
          "type": "text",
          "primaryKey": false,
          "notNull": true
        },
        "catalysts": {
          "name": "catalysts",
          "type": "text",
          "primaryKey": false,
          "notNull": true
        },
        "contrarian_view": {
          "name": "contrarian_view",
          "type": "text",
          "primaryKey": false,
          "notNull": true
        },
        "confidence": {
          "name": "confidence",
          "type": "numeric(3, 2)",
          "primaryKey": false,
          "notNull": true
        },
        "market_context": {
          "name": "market_context",
          "type": "jsonb",
          "primaryKey": false,
          "notNull": false
        },
        "timestamp": {
          "name": "timestamp",
          "type": "timestamp",
          "primaryKey": false,
          "notNull": true,
          "default": "now()"
        }
      },
      "indexes": {},
      "foreignKeys": {},
      "compositePrimaryKeys": {},
      "uniqueConstraints": {},
      "policies": {},
      "checkConstraints": {},
      "isRLSEnabled": false
    },
    "public.users": {
      "name": "users",
      "schema": "",
      "columns": {
        "id": {
          "name": "id",
          "type": "serial",
          "primaryKey": true,
          "notNull": true
        },
        "username": {
          "name": "username",
          "type": "text",
          "primaryKey": false,
          "notNull": true
        },
        "password": {
          "name": "password",
          "type": "text",
          "primaryKey": false,
          "notNull": true
        }
      },
      "indexes": {},
      "foreignKeys": {},
      "compositePrimaryKeys": {},
      "uniqueConstraints": {
        "users_username_unique": {
          "name": "users_username_unique",
          "nullsNotDistinct": false,
          "columns": [
            "username"
          ]
        }
      },
      "policies": {},
      "checkConstraints": {},
      "isRLSEnabled": false
    },
    "public.vix_data": {
      "name": "vix_data",
      "schema": "",
      "columns": {
        "id": {
          "name": "id",
          "type": "serial",
          "primaryKey": true,
          "notNull": true
        },
        "vix_value": {
          "name": "vix_value",
          "type": "numeric(5, 2)",
          "primaryKey": false,
          "notNull": true
        },
        "vix_change": {
          "name": "vix_change",
          "type": "numeric(5, 2)",
          "primaryKey": false,
          "notNull": true
        },
        "vix_change_percent": {
          "name": "vix_change_percent",
          "type": "numeric(5, 2)",
          "primaryKey": false,
          "notNull": true
        },
        "timestamp": {
          "name": "timestamp",
          "type": "timestamp",
          "primaryKey": false,
          "notNull": true,
          "default": "now()"
        }
      },
      "indexes": {},
      "foreignKeys": {},
      "compositePrimaryKeys": {},
      "uniqueConstraints": {},
      "policies": {},
      "checkConstraints": {},
      "isRLSEnabled": false
    }
  },
  "enums": {},
  "schemas": {},
  "sequences": {},
  "roles": {},
  "policies": {},
  "views": {},
  "_meta": {
    "columns": {},
    "schemas": {},
    "tables": {}
  }
}