Metric,Current Value,Date
Federal Funds Rate (%),4.375,July 2025
Unemployment Rate (%),4.2,July 2025
Core PCE Inflation (%),2.8,June 2025
Headline PCE Inflation (%),2.6,June 2025
Real GDP Growth Q2 2025 (%),3.0,Q2 2025
Nominal GDP Q2 2025 ($T),30.3,Q2 2025
Labor Force Participation (%),62.2,July 2025
Trade Deficit June 2025 ($B),60.2,June 2025
Federal Debt ($T),37.0,Aug 2025
Debt-to-GDP Ratio (%),119.4,Q2 2025
10-Year Treasury Yield (%),4.3,"Aug 19, 2025"
2-Year Treasury Yield (%),3.76,"Aug 19, 2025"
S&P 500 Index,6469.0,"Aug 14, 2025"
Case-Shiller Home Price YoY (%),2.2,May 2025
