Date,AAII Bullish,AAII Neutral,AAII Bearish,8-week Moving Average,,
9-11-87,50.0%,23.0%,27.0%,46.63%,,
9-18-87,60.0%,29.0%,11.0%,49.63%,,
9-25-87,53.0%,17.0%,30.0%,53.00%,,
10-2-87,44.0%,26.0%,30.0%,51.50%,,
10-9-87,46.0%,39.0%,15.0%,51.63%,,
10-16-87,37.0%,30.0%,33.0%,48.00%,,
10-23-87,39.0%,30.0%,31.0%,46.38%,,
10-30-87,44.0%,23.0%,33.0%,46.63%,,
11-6-87,47.0%,31.0%,22.0%,46.25%,,
11-13-87,31.0%,41.0%,28.0%,42.63%,,
11-20-87,39.0%,42.0%,19.0%,40.88%,,
11-27-87,27.0%,46.0%,27.0%,38.75%,,
12-4-87,25.0%,33.0%,42.0%,36.13%,,
12-11-87,23.0%,45.0%,32.0%,34.38%,,
12-18-87,33.0%,40.0%,27.0%,33.63%,,
12-24-87,28.0%,52.0%,20.0%,31.63%,,
12-31-87,25.0%,49.0%,26.0%,28.88%,,
1-8-88,34.0%,46.0%,20.0%,29.25%,,
1-15-88,34.0%,40.0%,26.0%,28.63%,,
1-22-88,21.0%,48.0%,31.0%,27.88%,,
1-29-88,26.0%,45.0%,29.0%,28.00%,,
2-5-88,32.0%,53.0%,15.0%,29.13%,,
2-12-88,32.0%,46.0%,22.0%,29.00%,,
2-19-88,27.0%,49.0%,24.0%,28.88%,,
2-26-88,30.0%,51.0%,19.0%,29.50%,,
3-4-88,38.0%,40.0%,22.0%,30.00%,,
3-11-88,43.0%,40.0%,17.0%,31.13%,,
3-18-88,41.0%,49.0%,10.0%,33.63%,,
3-25-88,45.0%,38.0%,17.0%,36.00%,,
4-1-88,35.0%,45.0%,20.0%,36.38%,,
4-8-88,33.0%,48.0%,19.0%,36.50%,,
4-15-88,23.0%,53.0%,24.0%,36.00%,,
4-22-88,23.0%,57.0%,20.0%,35.13%,,
4-29-88,22.0%,48.0%,30.0%,33.13%,,
5-6-88,38.0%,42.0%,20.0%,32.50%,,
5-13-88,19.0%,56.0%,25.0%,29.75%,,
5-20-88,23.0%,52.0%,25.0%,27.00%,,
5-27-88,28.0%,52.0%,20.0%,26.13%,,
6-3-88,26.0%,62.0%,12.0%,25.25%,,
6-10-88,28.0%,49.0%,23.0%,25.88%,,
6-17-88,29.0%,50.0%,21.0%,26.63%,,
6-24-88,33.0%,44.0%,23.0%,28.00%,,
7-1-88,45.0%,38.0%,17.0%,28.88%,,
7-8-88,35.0%,50.0%,15.0%,30.88%,,
7-15-88,26.0%,37.0%,37.0%,31.25%,,
7-22-88,16.0%,58.0%,26.0%,29.75%,,
7-29-88,23.0%,54.0%,23.0%,29.38%,,
8-5-88,21.0%,49.0%,30.0%,28.50%,,
8-12-88,26.0%,48.0%,26.0%,28.13%,,
8-19-88,19.0%,53.0%,28.0%,26.38%,,
8-26-88,28.0%,40.0%,32.0%,24.25%,,
9-2-88,18.0%,43.0%,39.0%,22.13%,,
9-9-88,17.0%,52.0%,31.0%,21.00%,,
9-16-88,24.0%,46.0%,30.0%,22.00%,,
9-23-88,20.0%,53.0%,27.0%,21.63%,,
9-30-88,26.0%,44.0%,30.0%,22.25%,,
10-7-88,13.0%,49.0%,38.0%,20.63%,,
10-14-88,22.0%,46.0%,32.0%,21.00%,,
10-21-88,26.0%,51.0%,23.0%,20.75%,,
10-28-88,40.0%,38.0%,22.0%,23.50%,,
11-4-88,35.0%,46.0%,19.0%,25.75%,,
11-11-88,23.0%,56.0%,21.0%,25.63%,,
11-18-88,30.0%,34.0%,36.0%,26.88%,,
11-25-88,17.0%,44.0%,39.0%,25.75%,,
12-2-88,19.0%,47.0%,34.0%,26.50%,,
12-9-88,17.0%,44.0%,39.0%,25.88%,,
12-16-88,24.0%,54.0%,22.0%,25.63%,,
12-23-88,22.0%,46.0%,32.0%,23.38%,,
12-30-88,24.0%,54.0%,22.0%,22.00%,,
1-6-89,26.0%,51.0%,23.0%,22.38%,,
1-13-89,36.0%,44.0%,20.0%,23.13%,,
1-20-89,36.0%,47.0%,17.0%,25.50%,,
1-27-89,32.0%,49.0%,19.0%,27.13%,,
2-3-89,33.0%,44.0%,23.0%,29.13%,,
2-10-89,43.0%,31.0%,26.0%,31.50%,,
2-17-89,42.0%,41.0%,17.0%,34.00%,,
2-24-89,29.0%,45.0%,26.0%,34.63%,,
3-3-89,29.0%,35.0%,36.0%,35.00%,,
3-10-89,13.0%,52.0%,35.0%,32.13%,,
3-17-89,28.0%,43.0%,29.0%,31.13%,,
3-23-89,29.0%,41.0%,30.0%,30.75%,,
3-31-89,18.0%,42.0%,40.0%,28.88%,,
4-7-89,23.0%,45.0%,32.0%,26.38%,,
4-14-89,25.0%,42.0%,33.0%,24.25%,,
4-21-89,21.0%,51.0%,28.0%,23.25%,,
4-28-89,31.0%,40.0%,29.0%,23.50%,,
5-5-89,30.0%,40.0%,30.0%,25.63%,,
5-12-89,38.0%,43.0%,19.0%,26.88%,,
5-19-89,43.0%,38.0%,19.0%,28.63%,,
5-26-89,48.0%,31.0%,21.0%,32.38%,,
6-2-89,42.0%,27.0%,31.0%,34.75%,,
6-9-89,43.0%,34.0%,23.0%,37.00%,,
6-16-89,32.0%,37.0%,31.0%,38.38%,,
6-23-89,33.0%,22.0%,45.0%,38.63%,,
6-30-89,40.0%,34.0%,26.0%,39.88%,,
7-7-89,37.0%,32.0%,31.0%,39.75%,,
7-14-89,22.0%,30.0%,48.0%,37.13%,,
7-21-89,32.0%,39.0%,29.0%,35.13%,,
7-28-89,41.0%,25.0%,34.0%,35.00%,,
8-4-89,35.0%,30.0%,35.0%,34.00%,,
8-11-89,53.0%,21.0%,26.0%,36.63%,,
8-18-89,35.0%,28.0%,37.0%,36.88%,,
8-25-89,45.0%,24.0%,31.0%,37.50%,,
9-1-89,34.0%,30.0%,36.0%,37.13%,,
9-8-89,30.0%,30.0%,40.0%,38.13%,,
9-15-89,31.0%,44.0%,25.0%,38.00%,,
9-22-89,24.0%,37.0%,39.0%,35.88%,,
9-29-89,33.0%,38.0%,29.0%,35.63%,,
10-6-89,24.0%,43.0%,33.0%,32.00%,,
10-13-89,28.0%,52.0%,20.0%,31.13%,,
10-20-89,39.0%,28.0%,33.0%,30.38%,,
10-27-89,36.0%,33.0%,31.0%,30.63%,,
11-3-89,37.0%,31.0%,32.0%,31.50%,,
11-10-89,27.0%,37.0%,36.0%,31.00%,,
11-17-89,24.0%,28.0%,48.0%,31.00%,,
11-22-89,27.0%,40.0%,33.0%,30.25%,,
12-1-89,28.0%,40.0%,32.0%,30.75%,,
12-8-89,31.0%,41.0%,28.0%,31.13%,,
12-15-89,42.0%,30.0%,28.0%,31.50%,,
12-22-89,36.0%,32.0%,32.0%,31.50%,,
12-29-89,35.0%,31.0%,34.0%,31.25%,,
1-5-90,40.0%,30.0%,30.0%,32.88%,,
1-12-90,45.0%,38.0%,17.0%,35.50%,,
1-19-90,31.0%,49.0%,20.0%,36.00%,,
1-26-90,24.0%,38.0%,38.0%,35.50%,,
2-2-90,15.0%,37.0%,48.0%,33.50%,,
2-9-90,19.0%,30.0%,51.0%,30.63%,,
2-16-90,23.0%,43.0%,34.0%,29.00%,,
2-23-90,24.0%,38.0%,38.0%,27.63%,,
3-2-90,21.0%,37.0%,42.0%,25.25%,,
3-9-90,22.0%,42.0%,36.0%,22.38%,,
3-16-90,25.0%,35.0%,40.0%,21.63%,,
3-23-90,37.0%,39.0%,24.0%,23.25%,,
3-30-90,34.0%,35.0%,31.0%,25.63%,,
4-6-90,38.0%,37.0%,25.0%,28.00%,,
4-12-90,27.0%,56.0%,17.0%,28.50%,,
4-20-90,34.0%,43.0%,23.0%,29.75%,,
4-27-90,28.0%,35.0%,37.0%,30.63%,,
5-4-90,20.0%,35.0%,45.0%,30.38%,,
5-11-90,28.0%,38.0%,34.0%,30.75%,,
5-18-90,37.0%,35.0%,28.0%,30.75%,,
5-25-90,39.0%,32.0%,29.0%,31.38%,,
6-1-90,37.0%,28.0%,35.0%,31.25%,,
6-8-90,35.0%,35.0%,30.0%,32.25%,,
6-15-90,43.0%,32.0%,25.0%,33.38%,,
6-22-90,34.0%,32.0%,34.0%,34.13%,,
6-29-90,31.0%,31.0%,38.0%,35.50%,,
7-6-90,28.0%,34.0%,38.0%,35.50%,,
7-13-90,40.0%,30.0%,30.0%,35.88%,,
7-20-90,40.0%,30.0%,30.0%,36.00%,,
7-27-90,52.0%,24.0%,24.0%,37.88%,,
8-3-90,26.0%,28.0%,46.0%,36.75%,,
8-10-90,25.0%,21.0%,54.0%,34.50%,,
8-17-90,18.0%,23.0%,59.0%,32.50%,,
8-24-90,25.0%,24.0%,51.0%,31.75%,,
8-31-90,23.0%,16.0%,61.0%,31.13%,,
9-7-90,33.0%,18.0%,49.0%,30.25%,,
9-14-90,16.0%,33.0%,51.0%,27.25%,,
9-21-90,13.0%,31.0%,56.0%,22.38%,,
9-28-90,26.0%,20.0%,54.0%,22.38%,,
10-5-90,15.0%,26.0%,59.0%,21.13%,,
10-12-90,21.0%,27.0%,52.0%,21.50%,,
10-19-90,13.0%,20.0%,67.0%,20.00%,,
10-26-90,23.0%,19.0%,58.0%,20.00%,,
11-2-90,20.0%,36.0%,44.0%,18.38%,,
11-9-90,20.0%,32.0%,48.0%,18.88%,,
11-16-90,12.0%,33.0%,55.0%,18.75%,,
11-21-90,16.0%,37.0%,47.0%,17.50%,,
11-30-90,22.0%,33.0%,45.0%,18.38%,,
12-7-90,26.0%,33.0%,41.0%,19.00%,,
12-14-90,31.0%,31.0%,38.0%,21.25%,,
12-21-90,16.0%,34.0%,50.0%,20.38%,,
12-28-90,30.0%,30.0%,40.0%,21.63%,,
1-4-91,31.0%,39.0%,30.0%,23.00%,,
1-11-91,22.0%,30.0%,48.0%,24.25%,,
1-18-91,22.0%,27.0%,51.0%,25.00%,,
1-25-91,25.0%,25.0%,50.0%,25.38%,,
2-1-91,29.0%,29.0%,42.0%,25.75%,,
2-8-91,36.0%,28.0%,36.0%,26.38%,,
2-15-91,46.0%,30.0%,24.0%,30.13%,,
2-22-91,57.0%,20.0%,23.0%,33.50%,,
3-1-91,50.0%,18.0%,32.0%,35.88%,,
3-8-91,50.0%,21.0%,29.0%,39.38%,,
3-15-91,55.0%,22.0%,23.0%,43.50%,,
3-22-91,42.0%,31.0%,27.0%,45.63%,,
3-29-91,47.0%,28.0%,25.0%,47.88%,,
4-5-91,58.0%,22.0%,20.0%,50.63%,,
4-12-91,43.0%,32.0%,25.0%,50.25%,,
4-19-91,39.0%,39.0%,22.0%,48.00%,,
4-26-91,55.0%,28.0%,17.0%,48.63%,,
5-3-91,39.0%,33.0%,28.0%,47.25%,,
5-10-91,38.0%,34.0%,28.0%,45.13%,,
5-17-91,42.0%,32.0%,26.0%,45.13%,,
5-24-91,38.0%,39.0%,23.0%,44.00%,,
5-31-91,42.0%,35.0%,23.0%,42.00%,,
6-7-91,46.0%,37.0%,17.0%,42.38%,,
6-14-91,47.0%,31.0%,22.0%,43.38%,,
6-21-91,44.0%,40.0%,16.0%,42.00%,,
6-28-91,28.0%,37.0%,35.0%,40.63%,,
7-3-91,28.0%,39.0%,33.0%,39.38%,,
7-12-91,41.0%,39.0%,20.0%,39.25%,,
7-19-91,27.0%,51.0%,22.0%,37.88%,,
7-26-91,35.0%,42.0%,23.0%,37.00%,,
8-2-91,33.0%,36.0%,31.0%,35.38%,,
8-9-91,26.0%,45.0%,29.0%,32.75%,,
8-16-91,37.0%,33.0%,30.0%,31.88%,,
8-23-91,32.0%,36.0%,32.0%,32.38%,,
8-30-91,41.0%,40.0%,19.0%,34.00%,,
9-6-91,36.0%,31.0%,33.0%,33.38%,,
9-13-91,43.0%,39.0%,18.0%,35.38%,,
9-20-91,32.0%,48.0%,20.0%,35.00%,,
9-27-91,31.0%,38.0%,31.0%,34.75%,,
10-4-91,35.0%,30.0%,35.0%,35.88%,,
10-11-91,39.0%,37.0%,24.0%,36.13%,,
10-18-91,30.0%,31.0%,39.0%,35.88%,,
10-25-91,31.0%,36.0%,33.0%,34.63%,,
11-1-91,52.0%,12.0%,36.0%,36.63%,,
11-8-91,32.0%,36.0%,32.0%,35.25%,,
11-15-91,38.0%,33.0%,29.0%,36.00%,,
11-22-91,48.0%,32.0%,20.0%,38.13%,,
11-27-91,33.0%,27.0%,40.0%,37.88%,,
12-6-91,23.0%,32.0%,45.0%,35.88%,,
12-13-91,33.0%,36.0%,31.0%,36.25%,,
12-20-91,36.0%,30.0%,34.0%,36.88%,,
12-27-91,39.0%,29.0%,32.0%,35.25%,,
1-3-92,49.0%,20.0%,31.0%,37.38%,,
1-10-92,48.0%,27.0%,25.0%,38.63%,,
1-17-92,51.0%,21.0%,28.0%,39.00%,,
1-24-92,46.0%,25.0%,29.0%,40.63%,,
1-31-92,47.0%,26.0%,27.0%,43.63%,,
2-7-92,36.0%,39.0%,25.0%,44.00%,,
2-14-92,46.0%,28.0%,26.0%,45.25%,,
2-21-92,47.0%,25.0%,28.0%,46.25%,,
2-28-92,43.0%,36.0%,21.0%,45.50%,,
3-6-92,45.0%,29.0%,26.0%,45.13%,,
3-13-92,38.0%,35.0%,27.0%,43.50%,,
3-20-92,48.0%,29.0%,23.0%,43.75%,,
3-27-92,43.0%,35.0%,22.0%,43.25%,,
4-3-92,35.0%,42.0%,23.0%,43.13%,,
4-10-92,43.0%,27.0%,30.0%,42.75%,,
4-17-92,37.0%,38.0%,25.0%,41.50%,,
4-24-92,52.0%,34.0%,14.0%,42.63%,,
5-1-92,29.0%,36.0%,35.0%,40.63%,,
5-8-92,43.0%,31.0%,26.0%,41.25%,,
5-15-92,40.0%,37.0%,23.0%,40.25%,,
5-22-92,48.0%,24.0%,28.0%,40.88%,,
5-29-92,41.0%,43.0%,16.0%,41.63%,,
6-5-92,41.0%,40.0%,19.0%,41.38%,,
6-12-92,31.0%,46.0%,23.0%,40.63%,,
6-19-92,35.0%,37.0%,28.0%,38.50%,,
6-26-92,39.0%,34.0%,27.0%,39.75%,,
7-2-92,21.0%,44.0%,35.0%,37.00%,,
7-9-92,23.0%,42.0%,35.0%,34.88%,,
7-17-92,29.0%,40.0%,31.0%,32.50%,,
7-24-92,32.0%,44.0%,24.0%,31.38%,,
7-31-92,22.0%,47.0%,31.0%,29.00%,,
8-5-92,28.0%,39.0%,33.0%,28.63%,,
8-14-92,26.0%,37.0%,37.0%,27.50%,,
8-21-92,22.0%,34.0%,44.0%,25.38%,,
8-28-92,30.0%,37.0%,33.0%,26.50%,,
9-4-92,14.0%,44.0%,42.0%,25.38%,,
9-11-92,22.0%,39.0%,39.0%,24.50%,,
9-18-92,21.0%,42.0%,37.0%,23.13%,,
9-25-92,25.0%,34.0%,41.0%,23.50%,,
10-2-92,30.0%,35.0%,35.0%,23.75%,,
10-9-92,21.0%,35.0%,44.0%,23.13%,,
10-16-92,20.0%,24.0%,56.0%,22.88%,,
10-23-92,21.0%,32.0%,47.0%,21.75%,,
10-30-92,35.0%,35.0%,30.0%,24.38%,,
11-6-92,49.0%,27.0%,24.0%,27.75%,,
11-13-92,37.0%,44.0%,19.0%,29.75%,,
11-20-92,48.0%,38.0%,14.0%,32.63%,,
11-25-92,43.0%,37.0%,20.0%,34.25%,,
12-4-92,37.0%,39.0%,24.0%,36.25%,,
12-11-92,43.0%,42.0%,15.0%,39.13%,,
12-18-92,63.0%,27.0%,10.0%,44.38%,,
12-24-92,55.0%,30.0%,15.0%,46.88%,,
1-1-93,60.0%,27.0%,13.0%,48.25%,,
1-8-93,20.0%,49.0%,31.0%,46.13%,,
1-15-93,54.0%,32.0%,14.0%,46.88%,,
1-22-93,41.0%,38.0%,21.0%,46.63%,,
1-29-93,40.0%,37.0%,23.0%,47.00%,,
2-5-93,44.0%,34.0%,22.0%,47.13%,,
2-12-93,47.0%,31.0%,22.0%,45.13%,,
2-19-93,46.0%,27.0%,27.0%,44.00%,,
2-26-93,34.0%,32.0%,34.0%,40.75%,,
3-5-93,27.0%,36.0%,37.0%,41.63%,,
3-12-93,45.0%,33.0%,22.0%,40.50%,,
3-19-93,41.0%,32.0%,27.0%,40.50%,,
3-26-93,43.0%,34.0%,23.0%,40.88%,,
4-2-93,37.0%,36.0%,27.0%,40.00%,,
4-9-93,32.0%,39.0%,29.0%,38.13%,,
4-16-93,31.0%,35.0%,34.0%,36.25%,,
4-23-93,28.0%,42.0%,30.0%,35.50%,,
4-30-93,22.0%,37.0%,41.0%,34.88%,,
5-7-93,21.0%,45.0%,34.0%,31.88%,,
5-14-93,20.0%,41.0%,39.0%,29.25%,,
5-21-93,21.0%,34.0%,45.0%,26.50%,,
5-28-93,24.0%,37.0%,39.0%,24.88%,,
6-4-93,33.0%,39.0%,28.0%,25.00%,,
6-11-93,23.0%,36.0%,41.0%,24.00%,,
6-18-93,22.0%,35.0%,43.0%,23.25%,,
6-25-93,28.0%,38.0%,34.0%,24.00%,,
7-2-93,18.0%,44.0%,38.0%,23.63%,,
7-9-93,21.0%,45.0%,34.0%,23.75%,,
7-16-93,22.0%,44.0%,34.0%,23.88%,,
7-23-93,24.0%,43.0%,33.0%,23.88%,,
7-30-93,25.0%,45.0%,30.0%,22.88%,,
8-6-93,26.0%,42.0%,32.0%,23.25%,,
8-13-93,25.0%,41.0%,34.0%,23.63%,,
8-20-93,29.0%,41.0%,30.0%,23.75%,,
8-27-93,27.0%,35.0%,38.0%,24.88%,,
9-3-93,38.0%,33.0%,29.0%,27.00%,,
9-10-93,30.0%,30.0%,40.0%,28.00%,,
9-17-93,32.0%,34.0%,34.0%,29.00%,,
9-24-93,28.0%,40.0%,32.0%,29.38%,,
10-1-93,26.0%,34.0%,40.0%,29.38%,,
10-8-93,29.0%,37.0%,34.0%,29.88%,,
10-15-93,31.0%,38.0%,31.0%,30.13%,,
10-22-93,42.0%,30.0%,28.0%,32.00%,,
10-29-93,43.0%,33.0%,24.0%,32.63%,,
11-4-93,32.0%,36.0%,32.0%,32.88%,,
11-11-93,35.0%,30.0%,35.0%,33.25%,,
11-18-93,34.0%,31.0%,35.0%,34.00%,,
11-24-93,45.0%,30.0%,25.0%,36.38%,,
12-2-93,33.0%,32.0%,35.0%,36.88%,,
12-9-93,37.0%,39.0%,24.0%,37.63%,,
12-16-93,33.0%,38.0%,29.0%,36.50%,,
12-23-93,36.0%,31.0%,33.0%,35.63%,,
12-30-93,44.0%,28.0%,28.0%,37.13%,,
1-6-94,40.0%,33.0%,27.0%,37.75%,,
1-13-94,38.0%,31.0%,31.0%,38.25%,,
1-20-94,48.0%,26.0%,26.0%,38.63%,,
1-27-94,41.0%,25.0%,34.0%,39.63%,,
2-3-94,38.0%,29.0%,33.0%,39.75%,,
2-10-94,49.0%,27.0%,24.0%,41.75%,,
2-17-94,40.0%,36.0%,24.0%,42.25%,,
2-24-94,41.0%,30.0%,29.0%,41.88%,,
3-3-94,31.0%,42.0%,27.0%,40.75%,,
3-10-94,29.0%,34.0%,37.0%,39.63%,,
3-17-94,24.0%,41.0%,35.0%,36.63%,,
3-24-94,29.0%,37.0%,34.0%,35.13%,,
3-31-94,23.0%,33.0%,44.0%,33.25%,,
4-7-94,28.0%,31.0%,41.0%,30.63%,,
4-14-94,29.0%,23.0%,48.0%,29.25%,,
4-21-94,26.0%,41.0%,33.0%,27.38%,,
4-28-94,27.0%,35.0%,38.0%,26.88%,,
5-5-94,32.0%,32.0%,36.0%,27.25%,,
5-12-94,38.0%,32.0%,30.0%,29.00%,,
5-19-94,22.0%,36.0%,42.0%,28.13%,,
5-26-94,29.0%,33.0%,38.0%,28.88%,,
6-2-94,39.0%,36.0%,25.0%,30.25%,,
6-9-94,28.0%,47.0%,25.0%,30.13%,,
6-16-94,32.0%,42.0%,26.0%,30.88%,,
6-23-94,29.0%,45.0%,26.0%,31.13%,,
6-30-94,32.0%,37.0%,31.0%,31.13%,,
7-7-94,28.0%,32.0%,40.0%,29.88%,,
7-14-94,25.0%,40.0%,35.0%,30.25%,,
7-21-94,34.0%,38.0%,28.0%,30.88%,,
7-28-94,27.0%,42.0%,31.0%,29.38%,,
8-4-94,22.0%,52.0%,26.0%,28.63%,,
8-11-94,34.0%,37.0%,29.0%,28.88%,,
8-18-94,30.0%,40.0%,30.0%,29.00%,,
8-25-94,32.0%,39.0%,29.0%,29.00%,,
9-1-94,43.0%,34.0%,23.0%,30.88%,,
9-8-94,47.0%,33.0%,20.0%,33.63%,,
9-15-94,45.0%,25.0%,30.0%,35.00%,,
9-22-94,37.0%,36.0%,27.0%,36.25%,,
9-29-94,38.0%,32.0%,30.0%,38.25%,,
10-6-94,33.0%,39.0%,28.0%,38.13%,,
10-13-94,35.0%,39.0%,26.0%,38.75%,,
10-20-94,39.0%,33.0%,28.0%,39.63%,,
10-27-94,43.0%,38.0%,19.0%,39.63%,,
11-3-94,40.0%,35.0%,25.0%,38.75%,,
11-10-94,37.0%,31.0%,32.0%,37.75%,,
11-17-94,39.0%,22.0%,39.0%,38.00%,,
11-23-94,39.0%,32.0%,29.0%,38.13%,,
11-30-94,44.0%,30.0%,26.0%,39.50%,,
12-8-94,30.0%,35.0%,35.0%,38.88%,,
12-15-94,33.0%,35.0%,32.0%,38.13%,,
12-22-94,42.0%,25.0%,33.0%,38.00%,,
12-29-94,40.0%,43.0%,17.0%,38.00%,,
1-5-95,44.0%,31.0%,25.0%,38.88%,,
1-12-95,36.0%,42.0%,22.0%,38.50%,,
1-19-95,37.0%,39.0%,24.0%,38.25%,,
1-26-95,38.0%,37.0%,25.0%,37.50%,,
2-2-95,38.0%,37.0%,25.0%,38.50%,,
2-9-95,34.0%,43.0%,23.0%,38.63%,,
2-16-95,43.0%,37.0%,20.0%,38.75%,,
2-23-95,46.0%,37.0%,17.0%,39.50%,,
3-2-95,53.0%,26.0%,21.0%,40.63%,,
3-9-95,48.0%,34.0%,18.0%,42.13%,,
3-16-95,39.0%,41.0%,20.0%,42.38%,,
3-23-95,47.0%,30.0%,23.0%,43.50%,,
3-30-95,52.0%,23.0%,25.0%,45.25%,,
4-6-95,42.0%,25.0%,33.0%,46.25%,,
4-13-95,40.0%,23.0%,37.0%,45.88%,,
4-20-95,37.0%,27.0%,36.0%,44.75%,,
4-27-95,52.0%,29.0%,19.0%,44.63%,,
5-4-95,42.0%,27.0%,31.0%,43.88%,,
5-11-95,44.0%,26.0%,30.0%,44.50%,,
5-18-95,42.0%,23.0%,35.0%,43.88%,,
5-25-95,44.0%,26.0%,30.0%,42.88%,,
6-1-95,39.0%,34.0%,27.0%,42.50%,,
6-8-95,44.0%,25.0%,31.0%,43.00%,,
6-15-95,36.0%,31.0%,33.0%,42.88%,,
6-22-95,48.0%,21.0%,31.0%,42.38%,,
6-29-95,35.0%,28.0%,37.0%,41.50%,,
7-6-95,35.0%,34.0%,31.0%,40.38%,,
7-13-95,44.0%,18.0%,38.0%,40.63%,,
7-20-95,43.0%,30.0%,27.0%,40.50%,,
7-27-95,41.0%,26.0%,33.0%,40.75%,,
8-3-95,38.0%,34.0%,28.0%,40.00%,,
8-10-95,40.0%,30.0%,30.0%,40.50%,,
8-17-95,36.0%,43.0%,21.0%,39.00%,,
8-24-95,35.0%,28.0%,37.0%,39.00%,,
8-31-95,38.0%,42.0%,20.0%,39.38%,,
9-7-95,37.0%,36.0%,27.0%,38.50%,,
9-14-95,46.0%,32.0%,22.0%,38.88%,,
9-21-95,46.0%,25.0%,29.0%,39.50%,,
9-28-95,42.0%,27.0%,31.0%,40.00%,,
10-5-95,39.0%,37.0%,24.0%,39.88%,,
10-12-95,41.0%,30.0%,29.0%,40.50%,,
10-19-95,47.0%,32.0%,21.0%,42.00%,,
10-26-95,46.0%,33.0%,21.0%,43.00%,,
11-2-95,47.0%,34.0%,19.0%,44.25%,,
11-9-95,49.0%,35.0%,16.0%,44.63%,,
11-16-95,46.0%,31.0%,23.0%,44.63%,,
11-22-95,48.0%,18.0%,34.0%,45.38%,,
11-30-95,51.0%,30.0%,19.0%,46.88%,,
12-7-95,48.0%,28.0%,24.0%,47.75%,,
12-14-95,51.0%,23.0%,26.0%,48.25%,,
12-21-95,48.0%,28.0%,24.0%,48.50%,,
12-28-95,46.0%,34.0%,20.0%,48.38%,,
1-4-96,55.0%,18.0%,27.0%,49.13%,,
1-11-96,#N/A,#N/A,#N/A,#N/A,,
1-18-96,42.0%,29.0%,29.0%,#N/A,,
1-25-96,36.0%,40.0%,24.0%,#N/A,,
2-1-96,54.0%,31.0%,15.0%,#N/A,,
2-8-96,53.0%,31.0%,16.0%,#N/A,,
2-15-96,54.0%,21.0%,25.0%,#N/A,,
2-22-96,49.0%,22.0%,29.0%,#N/A,,
2-29-96,45.0%,28.0%,27.0%,#N/A,,
3-7-96,44.0%,28.0%,28.0%,47.13%,,
3-14-96,36.0%,35.0%,29.0%,46.38%,,
3-21-96,47.0%,31.0%,22.0%,47.75%,,
3-28-96,45.0%,31.0%,24.0%,46.63%,,
4-4-96,40.0%,43.0%,17.0%,45.00%,,
4-11-96,40.0%,42.0%,18.0%,43.25%,,
4-18-96,36.0%,38.0%,26.0%,41.63%,,
4-25-96,28.0%,40.0%,32.0%,39.50%,,
5-2-96,48.0%,31.0%,21.0%,40.00%,,
5-9-96,46.0%,38.0%,16.0%,41.25%,,
5-16-96,37.0%,40.0%,23.0%,40.00%,,
5-23-96,51.0%,35.0%,14.0%,40.75%,,
5-30-96,61.0%,29.0%,10.0%,43.38%,,
6-6-96,47.0%,28.0%,25.0%,44.25%,,
6-13-96,49.0%,28.0%,23.0%,45.88%,,
6-20-96,42.0%,32.0%,26.0%,47.63%,,
6-27-96,42.0%,41.0%,17.0%,46.88%,,
7-3-96,32.0%,44.0%,24.0%,45.13%,,
7-11-96,40.0%,35.0%,25.0%,45.50%,,
7-18-96,29.0%,45.0%,26.0%,42.75%,,
7-25-96,30.0%,32.0%,38.0%,38.88%,,
8-1-96,29.0%,38.0%,33.0%,36.63%,,
8-8-96,27.0%,42.0%,31.0%,33.88%,,
8-15-96,43.0%,37.0%,20.0%,34.00%,,
8-22-96,28.0%,46.0%,26.0%,32.25%,,
8-29-96,28.0%,43.0%,29.0%,31.75%,,
9-5-96,29.0%,35.0%,36.0%,30.38%,,
9-12-96,26.0%,46.0%,28.0%,30.00%,,
9-19-96,28.0%,41.0%,31.0%,29.75%,,
9-26-96,34.0%,39.0%,27.0%,30.38%,,
10-3-96,40.0%,31.0%,29.0%,32.00%,,
10-10-96,38.0%,36.0%,26.0%,31.38%,,
10-17-96,39.0%,36.0%,25.0%,32.75%,,
10-24-96,42.0%,33.0%,25.0%,34.50%,,
10-31-96,37.0%,29.0%,34.0%,35.50%,,
11-7-96,26.0%,45.0%,29.0%,35.50%,,
11-14-96,37.0%,34.0%,29.0%,36.63%,,
11-21-96,43.0%,30.0%,27.0%,37.75%,,
11-27-96,52.0%,27.0%,21.0%,39.25%,,
12-5-96,41.0%,26.0%,33.0%,39.63%,,
12-12-96,40.0%,28.0%,32.0%,39.75%,,
12-19-96,33.0%,28.0%,39.0%,38.63%,,
12-26-96,37.0%,33.0%,30.0%,38.63%,,
1-2-97,43.0%,33.0%,24.0%,40.75%,,
1-9-97,36.0%,39.0%,25.0%,40.63%,,
1-16-97,42.0%,32.0%,26.0%,40.50%,,
1-23-97,37.0%,41.0%,22.0%,38.63%,,
1-30-97,51.0%,33.0%,16.0%,39.88%,,
2-6-97,47.0%,29.0%,24.0%,40.75%,,
2-13-97,45.0%,37.0%,18.0%,42.25%,,
2-20-97,44.0%,36.0%,20.0%,43.13%,,
2-27-97,63.0%,22.0%,15.0%,45.63%,,
3-6-97,43.0%,37.0%,20.0%,46.50%,,
3-13-97,34.0%,36.0%,30.0%,45.50%,,
3-20-97,36.0%,42.0%,22.0%,45.38%,,
3-27-97,27.0%,40.0%,33.0%,42.38%,,
4-3-97,29.0%,40.0%,31.0%,40.13%,,
4-10-97,26.0%,37.0%,37.0%,37.75%,,
4-17-97,31.0%,41.0%,28.0%,36.13%,,
4-24-97,28.0%,40.0%,32.0%,31.75%,,
5-1-97,27.0%,44.0%,29.0%,29.75%,,
5-8-97,30.0%,44.0%,26.0%,29.25%,,
5-15-97,41.0%,36.0%,23.0%,29.88%,,
5-22-97,40.0%,35.0%,25.0%,31.50%,,
5-29-97,40.0%,40.0%,20.0%,32.88%,,
6-5-97,52.0%,33.0%,15.0%,36.13%,,
6-12-97,49.0%,35.0%,16.0%,38.38%,,
6-19-97,59.0%,26.0%,15.0%,42.25%,,
6-26-97,52.0%,25.0%,23.0%,45.38%,,
7-3-97,45.0%,30.0%,25.0%,47.25%,,
7-10-97,49.0%,33.0%,18.0%,48.25%,,
7-17-97,54.0%,30.0%,16.0%,50.00%,,
7-24-97,53.0%,25.0%,22.0%,51.63%,,
7-31-97,48.0%,26.0%,26.0%,51.13%,,
8-7-97,49.0%,28.0%,23.0%,51.13%,,
8-14-97,49.0%,30.0%,21.0%,49.88%,,
8-21-97,47.0%,33.0%,20.0%,49.25%,,
8-28-97,50.0%,28.0%,22.0%,49.88%,,
9-4-97,37.0%,38.0%,25.0%,48.38%,,
9-11-97,42.0%,36.0%,22.0%,46.88%,,
9-18-97,40.0%,44.0%,16.0%,45.25%,,
9-25-97,39.0%,42.0%,19.0%,44.13%,,
10-2-97,38.0%,43.0%,19.0%,42.75%,,
10-9-97,43.0%,43.0%,14.0%,42.00%,,
10-16-97,43.0%,36.0%,21.0%,41.50%,,
10-23-97,40.0%,46.0%,14.0%,40.25%,,
10-30-97,41.0%,36.0%,23.0%,40.75%,,
11-6-97,38.0%,37.0%,25.0%,40.25%,,
11-13-97,45.0%,38.0%,17.0%,40.88%,,
11-20-97,40.0%,38.0%,22.0%,41.00%,,
11-26-97,40.0%,40.0%,20.0%,41.25%,,
12-4-97,49.0%,33.0%,18.0%,42.00%,,
12-11-97,46.0%,37.0%,17.0%,42.38%,,
12-18-97,40.0%,41.0%,19.0%,42.38%,,
12-24-97,41.0%,36.0%,23.0%,42.38%,,
12-31-97,34.0%,35.0%,31.0%,41.88%,,
1-8-98,42.0%,40.0%,18.0%,41.50%,,
1-16-98,38.0%,45.0%,17.0%,41.25%,,
1-23-98,31.0%,39.0%,30.0%,40.13%,,
1-30-98,38.0%,42.0%,20.0%,38.75%,,
2-5-98,30.0%,45.0%,25.0%,36.75%,,
2-12-98,45.0%,36.0%,19.0%,37.38%,,
2-19-98,42.0%,43.0%,15.0%,37.50%,,
2-26-98,53.0%,33.0%,14.0%,39.88%,,
3-5-98,53.0%,34.0%,13.0%,41.25%,,
3-12-98,44.0%,36.0%,20.0%,42.00%,,
3-19-98,40.0%,38.0%,22.0%,43.13%,,
3-26-98,45.0%,35.0%,20.0%,44.00%,,
4-2-98,46.0%,32.0%,22.0%,46.00%,,
4-9-98,41.0%,36.0%,23.0%,45.50%,,
4-16-98,53.0%,32.0%,15.0%,46.88%,,
4-23-98,40.0%,38.0%,22.0%,45.25%,,
4-30-98,44.0%,31.0%,25.0%,44.13%,,
5-7-98,43.0%,34.0%,23.0%,44.00%,,
5-14-98,33.0%,41.0%,26.0%,43.13%,,
5-21-98,38.0%,39.0%,23.0%,42.25%,,
5-28-98,34.0%,40.0%,26.0%,40.75%,,
6-4-98,25.0%,44.0%,31.0%,38.75%,,
6-11-98,27.0%,49.0%,24.0%,35.50%,,
6-18-98,29.0%,38.0%,33.0%,34.13%,,
6-25-98,28.0%,44.0%,28.0%,32.13%,,
7-2-98,33.0%,48.0%,19.0%,30.88%,,
7-9-98,36.0%,44.0%,20.0%,31.25%,,
7-16-98,35.0%,44.0%,21.0%,30.88%,,
7-23-98,37.0%,39.0%,24.0%,31.25%,,
7-30-98,44.0%,36.0%,20.0%,33.63%,,
8-6-98,30.0%,44.0%,26.0%,34.00%,,
8-13-98,27.0%,38.0%,35.0%,33.75%,,
8-20-98,25.0%,42.0%,33.0%,33.38%,,
8-27-98,23.0%,32.0%,45.0%,32.13%,,
9-3-98,23.0%,37.0%,40.0%,30.50%,,
9-10-98,29.0%,31.0%,40.0%,29.75%,,
9-17-98,34.0%,35.0%,31.0%,29.38%,,
9-24-98,34.0%,38.0%,28.0%,28.13%,,
10-1-98,32.0%,35.0%,33.0%,28.38%,,
10-8-98,25.0%,43.0%,32.0%,28.13%,,
10-15-98,25.0%,34.0%,41.0%,28.13%,,
10-22-98,32.0%,35.0%,33.0%,29.25%,,
10-29-98,43.0%,36.0%,21.0%,31.75%,,
11-5-98,38.0%,42.0%,20.0%,32.88%,,
11-12-98,50.0%,36.0%,14.0%,34.88%,,
11-19-98,40.0%,42.0%,18.0%,35.63%,,
11-25-98,48.0%,35.0%,17.0%,37.63%,,
12-3-98,49.0%,30.0%,21.0%,40.63%,,
12-10-98,44.0%,30.0%,26.0%,43.00%,,
12-17-98,41.0%,34.0%,25.0%,44.13%,,
12-23-98,34.0%,34.0%,32.0%,43.00%,,
12-31-98,41.0%,37.0%,22.0%,43.38%,,
1-7-99,38.0%,39.0%,23.0%,41.88%,,
1-14-99,51.0%,28.0%,21.0%,43.25%,,
1-21-99,56.0%,24.0%,20.0%,44.25%,,
1-28-99,47.0%,33.0%,20.0%,44.00%,,
2-4-99,48.0%,38.0%,14.0%,44.50%,,
2-11-99,48.0%,35.0%,17.0%,45.38%,,
2-18-99,37.0%,39.0%,24.0%,45.75%,,
2-25-99,37.0%,39.0%,24.0%,45.25%,,
3-4-99,36.0%,45.0%,19.0%,45.00%,,
3-11-99,37.0%,42.0%,21.0%,43.25%,,
3-18-99,48.0%,31.0%,21.0%,42.25%,,
3-25-99,38.0%,33.0%,29.0%,41.13%,,
4-1-99,40.0%,35.0%,25.0%,40.13%,,
4-8-99,36.0%,38.0%,26.0%,38.63%,,
4-15-99,41.0%,31.0%,28.0%,39.13%,,
4-22-99,38.0%,32.0%,30.0%,39.25%,,
4-29-99,41.0%,32.0%,27.0%,39.88%,,
5-6-99,54.0%,32.0%,14.0%,42.00%,,
5-13-99,43.0%,31.0%,26.0%,41.38%,,
5-20-99,43.0%,31.0%,26.0%,42.00%,,
5-27-99,38.0%,42.0%,20.0%,41.75%,,
6-3-99,32.0%,36.0%,32.0%,41.25%,,
6-10-99,32.0%,40.0%,28.0%,40.13%,,
6-17-99,38.0%,35.0%,27.0%,40.13%,,
6-24-99,30.0%,39.0%,31.0%,38.75%,,
7-1-99,35.0%,38.0%,27.0%,36.38%,,
7-8-99,43.0%,36.0%,21.0%,36.38%,,
7-15-99,54.0%,28.0%,18.0%,37.75%,,
7-22-99,55.0%,23.0%,22.0%,39.88%,,
7-29-99,42.0%,38.0%,20.0%,41.13%,,
8-5-99,30.0%,46.0%,24.0%,40.88%,,
8-12-99,30.0%,40.0%,30.0%,39.88%,,
8-19-99,31.0%,46.0%,23.0%,40.00%,,
8-26-99,35.0%,40.0%,25.0%,40.00%,,
9-2-99,44.0%,38.0%,18.0%,40.13%,,
9-9-99,37.0%,38.0%,25.0%,38.00%,,
9-16-99,36.0%,43.0%,21.0%,35.63%,,
9-23-99,36.0%,36.0%,28.0%,34.88%,,
9-30-99,35.0%,42.0%,23.0%,35.50%,,
10-7-99,34.0%,38.0%,28.0%,36.00%,,
10-14-99,42.0%,39.0%,19.0%,37.38%,,
10-21-99,38.0%,37.0%,25.0%,37.75%,,
10-28-99,38.0%,38.0%,24.0%,37.00%,,
11-4-99,43.0%,35.0%,22.0%,37.75%,,
11-11-99,48.0%,26.0%,26.0%,39.25%,,
11-18-99,46.0%,32.0%,22.0%,40.50%,,
11-24-99,55.0%,28.0%,17.0%,43.00%,,
12-2-99,62.0%,25.0%,13.0%,46.50%,,
12-9-99,62.0%,27.0%,11.0%,49.00%,,
12-16-99,54.0%,26.0%,20.0%,51.00%,,
12-23-99,52.0%,31.0%,17.0%,52.75%,,
12-30-99,60.0%,25.0%,15.0%,54.88%,,
1-6-00,75.0%,11.7%,13.3%,58.25%,,
1-13-00,59.3%,22.2%,18.5%,59.91%,,
1-20-00,57.1%,25.0%,17.9%,60.18%,,
1-27-00,53.7%,25.9%,20.4%,59.14%,,
2-3-00,51.1%,24.4%,24.4%,57.78%,,
2-10-00,41.9%,30.2%,27.9%,56.26%,,
2-17-00,27.3%,48.5%,24.2%,53.17%,,
2-24-00,41.4%,27.6%,31.0%,50.84%,,
3-2-00,36.7%,40.0%,23.3%,46.05%,,
3-8-00,58.3%,25.0%,16.7%,45.93%,,
3-16-00,50.0%,23.3%,26.7%,45.04%,,
3-23-00,65.7%,14.3%,20.0%,46.54%,,
3-30-00,38.9%,11.1%,50.0%,45.01%,,
4-6-00,45.8%,33.3%,20.8%,45.51%,,
4-13-00,51.9%,18.5%,29.6%,48.58%,,
4-20-00,63.7%,13.7%,22.6%,51.38%,,
4-27-00,61.3%,24.2%,14.5%,54.45%,,
5-4-00,34.8%,30.4%,34.8%,51.51%,,
5-11-00,30.2%,44.2%,25.6%,49.04%,,
5-18-00,35.3%,23.5%,41.2%,45.24%,,
5-25-00,34.9%,28.6%,36.5%,44.74%,,
6-1-00,41.7%,20.8%,37.5%,44.22%,,
6-8-00,61.5%,15.4%,23.1%,45.43%,,
6-15-00,43.8%,37.5%,18.8%,42.93%,,
6-22-00,26.7%,33.3%,40.0%,38.61%,,
7-6-00,56.1%,28.1%,15.9%,41.27%,,
7-13-00,65.0%,15.0%,20.0%,45.62%,,
7-20-00,66.7%,21.3%,12.0%,49.54%,,
7-27-00,42.9%,37.1%,20.0%,50.53%,,
8-3-00,41.3%,34.8%,23.9%,50.49%,,
8-10-00,54.1%,34.4%,11.5%,49.56%,,
8-17-00,59.4%,21.9%,18.8%,51.51%,,
8-23-00,57.7%,19.2%,23.1%,55.39%,,
8-31-00,55.9%,26.5%,17.7%,55.36%,,
9-7-00,62.5%,29.2%,8.3%,55.05%,,
9-14-00,41.2%,35.3%,23.5%,51.86%,,
9-21-00,43.8%,37.5%,18.8%,51.97%,,
9-28-00,53.3%,40.0%,6.7%,53.48%,,
10-5-00,41.9%,32.3%,25.8%,51.96%,,
10-12-00,41.5%,26.8%,31.7%,49.72%,,
10-19-00,48.9%,26.7%,24.4%,48.62%,,
10-26-00,64.1%,18.0%,18.0%,49.64%,,
11-2-00,51.6%,25.8%,22.6%,48.28%,,
11-9-00,62.9%,28.6%,8.6%,50.99%,,
11-16-00,45.8%,37.5%,16.7%,51.25%,,
11-23-00,36.5%,27.0%,36.5%,49.15%,,
11-30-00,60.4%,22.9%,16.7%,51.46%,,
12-7-00,47.1%,15.7%,37.3%,52.16%,,
12-14-00,59.6%,7.7%,32.7%,53.50%,,
12-21-00,31.1%,17.8%,51.1%,49.38%,,
12-28-00,40.0%,28.0%,32.0%,47.93%,,
1-4-01,42.6%,33.3%,24.1%,45.39%,,
1-11-01,35.7%,21.4%,42.9%,44.13%,,
1-18-01,36.6%,39.0%,24.4%,44.14%,,
1-25-01,49.2%,24.6%,26.2%,42.74%,,
2-1-01,50.0%,30.8%,19.2%,43.11%,,
2-8-01,55.6%,30.0%,14.4%,42.60%,,
2-15-01,30.4%,47.8%,21.7%,42.51%,,
2-22-01,26.3%,35.1%,38.6%,40.80%,,
3-1-01,46.0%,20.3%,33.8%,41.22%,,
3-8-01,31.6%,36.7%,31.6%,40.71%,,
3-15-01,30.9%,32.7%,36.4%,40.00%,,
3-22-01,27.8%,25.0%,47.2%,37.32%,,
3-29-01,37.3%,35.3%,27.5%,35.73%,,
4-5-01,35.1%,26.1%,38.7%,33.18%,,
4-12-01,30.3%,28.8%,40.9%,33.16%,,
4-19-01,43.8%,25.0%,31.3%,35.34%,,
4-26-01,46.6%,22.4%,31.0%,35.41%,,
5-3-01,63.5%,14.9%,21.6%,39.40%,,
5-10-01,53.3%,28.9%,17.8%,42.20%,,
5-17-01,51.8%,29.4%,18.8%,45.20%,,
5-24-01,61.9%,21.4%,16.7%,48.28%,,
5-31-01,49.4%,22.1%,28.6%,50.06%,,
6-7-01,42.6%,31.9%,25.5%,51.59%,,
6-14-01,30.5%,47.5%,22.0%,49.93%,,
6-21-01,33.3%,43.3%,23.3%,48.28%,,
6-28-01,30.4%,36.7%,32.9%,44.14%,,
7-5-01,40.7%,40.7%,18.5%,42.57%,,
7-12-01,25.3%,38.5%,36.3%,39.25%,,
7-19-01,50.0%,34.8%,15.2%,37.77%,,
7-26-01,29.5%,32.4%,38.1%,35.29%,,
8-2-01,36.4%,27.3%,36.4%,34.51%,,
8-9-01,34.9%,37.4%,27.7%,35.07%,,
8-16-01,35.4%,27.1%,37.5%,35.33%,,
8-23-01,34.5%,34.5%,31.0%,35.84%,,
8-30-01,31.4%,45.7%,22.9%,34.68%,,
9-6-01,30.3%,36.0%,33.7%,35.31%,,
9-13-01,26.7%,36.7%,36.7%,32.40%,,
9-20-01,31.1%,24.3%,44.6%,32.59%,,
9-27-01,51.1%,26.7%,22.2%,34.43%,,
10-4-01,51.2%,19.5%,29.3%,36.47%,,
10-11-01,47.4%,24.6%,28.1%,37.96%,,
10-18-01,60.6%,18.3%,21.1%,41.22%,,
10-25-01,55.9%,26.5%,17.7%,44.28%,,
11-1-01,35.0%,31.7%,33.3%,44.86%,,
11-8-01,34.6%,23.1%,42.3%,45.86%,,
11-15-01,45.5%,21.2%,33.3%,47.65%,,
11-22-01,58.3%,16.7%,25.0%,48.55%,,
11-29-01,69.3%,10.7%,20.0%,50.82%,,
12-6-01,59.2%,16.3%,24.5%,52.29%,,
12-13-01,61.4%,24.6%,14.0%,52.40%,,
12-20-01,52.5%,21.3%,26.2%,51.97%,,
12-27-01,57.7%,15.4%,26.9%,54.81%,,
1-3-02,51.1%,24.4%,24.4%,56.87%,,
1-10-02,54.8%,23.3%,21.9%,58.04%,,
1-17-02,29.6%,40.9%,29.6%,54.44%,,
1-24-02,34.7%,34.7%,30.6%,50.11%,,
1-31-02,45.5%,31.8%,22.7%,48.39%,,
2-7-02,37.5%,39.6%,22.9%,45.41%,,
2-14-02,45.2%,38.7%,16.1%,44.49%,,
2-21-02,36.4%,38.2%,25.5%,41.83%,,
2-28-02,44.4%,35.2%,20.4%,40.99%,,
3-7-02,53.3%,31.1%,15.6%,40.81%,,
3-14-02,56.5%,29.0%,14.5%,44.17%,,
3-21-02,53.2%,35.5%,11.3%,46.49%,,
3-28-02,51.2%,25.6%,23.3%,47.20%,,
4-4-02,40.5%,39.3%,20.2%,47.58%,,
4-11-02,28.2%,38.5%,33.3%,45.46%,,
4-18-02,40.2%,36.6%,23.2%,45.94%,,
4-25-02,36.7%,40.0%,23.3%,44.97%,,
5-2-02,27.0%,39.6%,33.3%,41.68%,,
5-9-02,30.3%,29.0%,40.8%,38.41%,,
5-16-02,36.8%,34.9%,28.3%,36.35%,,
5-23-02,26.2%,33.3%,40.5%,33.23%,,
5-29-02,28.3%,31.5%,40.2%,31.70%,,
6-6-02,32.8%,27.9%,39.3%,32.27%,,
6-13-02,31.8%,34.6%,33.6%,31.23%,,
6-20-02,45.7%,28.6%,25.7%,32.36%,,
6-27-02,31.0%,23.0%,46.0%,32.85%,,
7-3-02,26.6%,26.6%,46.9%,32.39%,,
7-11-02,35.1%,22.7%,42.3%,32.17%,,
7-18-02,26.3%,20.0%,53.8%,32.18%,,
7-25-02,27.9%,23.3%,48.8%,32.13%,,
8-1-02,34.2%,34.2%,31.6%,32.31%,,
8-8-02,37.7%,23.0%,39.3%,33.05%,,
8-15-02,37.9%,20.7%,41.4%,32.07%,,
8-22-02,43.8%,16.7%,39.6%,33.67%,,
8-29-02,50.0%,21.0%,29.0%,36.60%,,
9-5-02,31.5%,18.5%,50.0%,36.15%,,
9-12-02,38.4%,24.7%,37.0%,37.67%,,
9-19-02,33.8%,23.0%,43.2%,38.40%,,
9-26-02,24.5%,28.4%,47.1%,37.19%,,
10-3-02,35.2%,16.9%,47.9%,36.88%,,
10-10-02,28.9%,16.4%,54.8%,35.74%,,
10-17-02,39.5%,21.1%,39.5%,35.21%,,
10-24-02,44.6%,21.7%,33.7%,34.53%,,
10-31-02,51.5%,20.6%,27.9%,37.03%,,
11-7-02,50.0%,23.7%,26.3%,38.48%,,
11-14-02,48.7%,18.9%,32.4%,40.34%,,
11-21-02,50.6%,28.1%,21.4%,43.60%,,
11-28-02,51.1%,17.0%,31.9%,45.58%,,
12-5-02,52.9%,29.4%,17.7%,48.59%,,
12-12-02,41.4%,34.5%,24.1%,48.83%,,
12-19-02,42.9%,27.1%,30.0%,48.62%,,
12-26-02,40.0%,28.0%,32.0%,47.18%,,
1-2-03,32.4%,29.7%,37.8%,44.99%,,
1-9-03,38.1%,19.1%,42.9%,43.67%,,
1-16-03,29.2%,41.7%,29.2%,40.99%,,
1-23-03,25.0%,31.8%,43.2%,37.74%,,
1-30-03,25.5%,26.6%,47.9%,34.31%,,
2-6-03,22.9%,51.4%,25.7%,31.99%,,
2-13-03,21.9%,40.0%,38.1%,29.37%,,
2-20-03,21.1%,21.1%,57.9%,27.01%,,
2-27-03,26.0%,26.8%,47.2%,26.20%,,
3-6-03,33.3%,27.3%,39.4%,25.61%,,
3-13-03,34.3%,14.3%,51.4%,26.25%,,
3-20-03,42.9%,19.1%,38.1%,28.48%,,
3-27-03,39.4%,27.9%,32.7%,30.22%,,
4-3-03,32.4%,29.4%,38.2%,31.40%,,
4-10-03,38.5%,30.8%,30.8%,33.47%,,
4-17-03,46.3%,22.2%,31.5%,36.63%,,
4-24-03,63.0%,18.0%,19.0%,41.25%,,
5-1-03,48.6%,25.7%,25.7%,43.16%,,
5-8-03,52.8%,28.8%,18.4%,45.47%,,
5-15-03,62.8%,20.9%,16.3%,47.96%,,
5-22-03,38.5%,26.0%,35.6%,47.84%,,
5-29-03,62.9%,22.9%,14.3%,51.66%,,
6-5-03,52.0%,28.8%,19.2%,53.35%,,
6-12-03,50.0%,20.8%,29.2%,53.81%,,
6-19-03,56.4%,7.7%,35.9%,52.99%,,
6-26-03,71.4%,20.0%,8.6%,55.84%,,
7-3-03,41.2%,23.5%,35.3%,54.39%,,
7-10-03,43.2%,25.7%,31.1%,51.95%,,
7-17-03,51.3%,20.2%,28.6%,53.55%,,
7-24-03,52.0%,17.3%,30.7%,52.19%,,
7-31-03,51.5%,32.3%,16.2%,52.13%,,
8-7-03,45.5%,22.1%,32.5%,51.56%,,
8-14-03,50.6%,25.8%,23.6%,50.83%,,
8-21-03,63.0%,18.5%,18.5%,49.77%,,
8-28-03,56.7%,20.6%,22.7%,51.71%,,
9-4-03,62.3%,21.3%,16.4%,54.10%,,
9-11-03,58.1%,24.4%,17.4%,54.96%,,
9-18-03,62.8%,17.7%,19.6%,56.30%,,
9-25-03,57.3%,20.4%,22.3%,57.02%,,
10-2-03,50.0%,21.4%,28.6%,57.59%,,
10-9-03,57.6%,19.2%,23.2%,58.46%,,
10-16-03,60.3%,25.9%,13.8%,58.14%,,
10-23-03,52.8%,30.6%,16.7%,57.65%,,
10-30-03,57.8%,23.4%,18.8%,57.09%,,
11-6-03,57.6%,25.8%,16.7%,57.02%,,
11-13-03,53.3%,32.2%,14.4%,55.84%,,
11-20-03,53.2%,25.8%,21.0%,55.33%,,
11-27-03,60.4%,18.9%,20.8%,56.63%,,
12-4-03,69.4%,16.2%,14.4%,58.10%,,
12-11-03,55.3%,23.7%,21.1%,57.47%,,
12-18-03,60.2%,20.4%,19.4%,58.40%,,
12-26-03,65.5%,17.2%,17.2%,59.36%,,
1-1-04,62.4%,24.1%,13.5%,59.96%,,
1-8-04,67.2%,14.9%,17.9%,61.69%,,
1-15-04,66.3%,23.6%,10.1%,63.32%,,
1-22-04,69.5%,17.1%,13.4%,64.47%,,
1-29-04,56.9%,28.1%,15.0%,62.90%,,
2-5-04,50.9%,27.3%,21.8%,62.36%,,
2-12-04,56.1%,29.3%,14.6%,61.85%,,
2-19-04,56.5%,22.6%,21.0%,60.71%,,
2-26-04,41.6%,27.9%,30.5%,58.11%,,
3-4-04,47.8%,39.1%,13.0%,55.69%,,
3-11-04,41.3%,25.2%,33.6%,52.57%,,
3-18-04,38.6%,35.1%,26.3%,48.71%,,
3-25-04,31.5%,25.9%,42.6%,45.53%,,
4-1-04,55.2%,22.4%,22.4%,46.06%,,
4-8-04,58.8%,21.0%,20.3%,46.40%,,
4-15-04,63.8%,22.5%,13.8%,47.31%,,
4-22-04,50.0%,27.5%,22.5%,48.36%,,
4-29-04,50.0%,28.8%,21.2%,48.63%,,
5-6-04,39.0%,33.9%,27.1%,48.35%,,
5-13-04,32.9%,23.7%,43.4%,47.63%,,
5-20-04,36.7%,23.3%,40.0%,48.28%,,
5-27-04,36.1%,23.6%,40.3%,45.90%,,
6-3-04,33.3%,40.5%,26.2%,42.72%,,
6-10-04,55.3%,29.0%,15.8%,41.66%,,
6-17-04,41.4%,30.5%,28.1%,40.58%,,
6-24-04,56.4%,20.5%,23.1%,41.38%,,
7-1-04,57.0%,27.3%,15.8%,43.63%,,
7-8-04,55.1%,23.5%,21.4%,46.41%,,
7-15-04,47.4%,29.0%,23.7%,47.75%,,
7-22-04,35.7%,40.5%,23.8%,47.70%,,
7-29-04,34.0%,30.0%,36.0%,47.78%,,
8-5-04,31.0%,35.2%,33.8%,44.75%,,
8-12-04,38.6%,21.4%,40.0%,44.39%,,
8-19-04,34.9%,30.2%,34.9%,41.70%,,
8-26-04,41.5%,33.1%,25.4%,39.77%,,
9-2-04,41.5%,30.2%,28.3%,38.07%,,
9-9-04,50.5%,25.7%,23.8%,38.46%,,
9-16-04,45.5%,22.7%,31.8%,39.68%,,
9-23-04,51.2%,22.0%,26.8%,41.83%,,
9-30-04,41.1%,19.6%,39.3%,43.09%,,
10-7-04,56.9%,23.4%,19.7%,45.38%,,
10-14-04,44.7%,27.1%,28.2%,46.61%,,
10-21-04,42.5%,28.8%,28.8%,46.73%,,
10-28-04,42.3%,26.0%,31.7%,46.83%,,
11-4-04,57.1%,20.0%,22.9%,47.66%,,
11-11-04,62.5%,15.9%,21.6%,49.79%,,
11-18-04,64.1%,13.5%,22.4%,51.41%,,
11-24-04,49.5%,23.7%,26.8%,52.46%,,
12-2-04,56.8%,17.8%,25.4%,52.44%,,
12-9-04,51.4%,23.4%,25.2%,53.27%,,
12-16-04,52.5%,28.3%,19.2%,54.52%,,
12-23-04,60.2%,21.6%,18.2%,56.76%,,
12-30-04,57.7%,24.8%,17.5%,56.83%,,
1-6-05,38.1%,27.4%,34.5%,53.78%,,
1-13-05,34.0%,26.1%,39.9%,50.01%,,
1-20-05,33.7%,32.7%,33.7%,48.04%,,
1-27-05,26.4%,37.1%,36.4%,44.24%,,
2-3-05,41.7%,33.3%,25.0%,43.03%,,
2-10-05,43.8%,33.3%,22.9%,41.94%,,
2-17-05,36.4%,33.8%,29.9%,38.95%,,
2-24-05,31.8%,36.4%,31.8%,35.72%,,
3-3-05,39.5%,33.3%,27.2%,35.90%,,
3-10-05,49.7%,25.5%,24.8%,37.86%,,
3-17-05,32.5%,35.1%,32.5%,37.71%,,
3-24-05,23.2%,34.8%,41.9%,37.31%,,
3-31-05,28.4%,20.6%,51.0%,35.65%,,
4-7-05,27.7%,28.4%,43.9%,33.65%,,
4-14-05,16.5%,41.8%,41.8%,31.17%,,
4-21-05,36.8%,30.3%,32.9%,31.80%,,
4-28-05,29.8%,35.5%,34.7%,30.58%,,
5-5-05,28.6%,26.5%,44.9%,27.94%,,
5-12-05,30.5%,33.1%,36.4%,27.70%,,
5-19-05,38.92%,32.43%,28.65%,29.66%,,
5-26-05,44.14%,32.43%,23.42%,31.62%,,
6-2-05,48.61%,31.94%,19.44%,34.23%,,
6-9-05,45.98%,34.48%,19.54%,37.92%,,
6-16-05,48.05%,33.12%,18.83%,39.32%,,
6-23-05,46.59%,35.23%,18.18%,41.42%,,
6-30-05,45.89%,24.66%,29.45%,43.59%,,
7-7-05,43.01%,36.56%,20.43%,45.15%,,
7-14-05,57.89%,28.07%,14.04%,47.52%,,
7-21-05,41.18%,31.37%,27.45%,47.15%,,
7-28-05,57.52%,24.84%,17.65%,48.26%,,
8-4-05,47.83%,26.09%,26.09%,48.50%,,
8-11-05,39.74%,31.41%,28.85%,47.46%,,
8-18-05,29.29%,30.30%,40.40%,45.29%,,
8-25-05,36.14%,32.53%,31.33%,44.08%,,
9-1-05,31.76%,30.59%,37.65%,42.67%,,
9-8-05,42.31%,25.00%,32.69%,40.72%,,
9-15-05,51.43%,20.00%,28.57%,42.00%,,
9-22-05,39.47%,28.07%,32.46%,39.75%,,
9-29-05,31.88%,28.99%,39.13%,37.75%,,
10-6-05,50.00%,22.58%,27.42%,39.04%,,
10-13-05,38.96%,12.99%,48.05%,40.24%,,
10-20-05,43.11%,20.96%,35.93%,41.12%,,
10-27-05,32.05%,21.79%,46.15%,41.15%,,
11-3-05,42.95%,29.49%,27.56%,41.23%,,
11-10-05,58.62%,18.39%,22.99%,42.13%,,
11-17-05,53.63%,24.58%,21.79%,43.90%,,
11-24-05,57.33%,26.67%,16.00%,47.08%,,
12-1-05,52.47%,24.07%,23.46%,47.39%,,
12-8-05,49.47%,31.58%,18.95%,48.70%,,
12-15-05,46.15%,31.73%,22.12%,49.08%,,
12-22-05,41.03%,30.77%,28.21%,50.21%,,
12-29-05,37.30%,26.19%,36.51%,49.50%,,
1-5-06,29.35%,30.43%,40.22%,45.84%,,
1-12-06,58.96%,21.97%,19.08%,46.51%,,
1-19-06,50.00%,24.17%,25.83%,45.59%,,
1-26-06,30.77%,35.90%,33.33%,42.88%,,
2-2-06,44.70%,21.97%,33.33%,42.28%,,
2-9-06,40.19%,25.23%,34.58%,41.54%,,
2-16-06,40.18%,24.11%,35.71%,41.43%,,
2-23-06,43.21%,28.40%,28.40%,42.17%,,
3-2-06,40.94%,29.92%,29.13%,43.62%,,
3-9-06,41.21%,28.02%,30.77%,41.40%,,
3-16-06,46.55%,20.69%,32.76%,40.97%,,
3-23-06,43.75%,28.75%,27.50%,42.59%,,
3-30-06,37.21%,30.23%,32.56%,41.66%,,
4-6-06,47.67%,29.07%,23.26%,42.59%,,
4-13-06,45.36%,26.80%,27.84%,43.24%,,
4-20-06,33.73%,25.44%,40.83%,42.05%,,
4-27-06,42.11%,21.93%,35.96%,42.20%,,
5-4-06,45.89%,20.55%,33.56%,42.78%,,
5-11-06,54.90%,17.65%,27.45%,43.83%,,
5-18-06,39.39%,16.97%,43.64%,43.28%,,
5-25-06,33.04%,21.43%,45.54%,42.76%,,
6-1-06,30.77%,19.23%,50.00%,40.65%,,
6-8-06,26.23%,28.69%,45.08%,38.26%,,
6-15-06,26.41%,18.61%,54.98%,37.34%,,
6-22-06,34.40%,24.00%,41.60%,36.38%,,
6-29-06,38.60%,21.64%,39.77%,35.47%,,
7-6-06,37.70%,19.67%,42.62%,33.32%,,
7-13-06,36.50%,24.09%,39.42%,32.96%,,
7-20-06,23.85%,18.35%,57.80%,31.81%,,
7-27-06,34.88%,22.09%,43.02%,32.32%,,
8-3-06,31.46%,21.35%,47.19%,32.98%,,
8-10-06,36.59%,21.95%,41.46%,34.25%,,
8-17-06,30.53%,33.68%,35.79%,33.76%,,
8-24-06,39.35%,23.23%,37.42%,33.86%,,
8-31-06,41.57%,32.58%,25.84%,34.34%,,
9-7-06,42.99%,27.10%,29.91%,35.15%,,
9-14-06,47.95%,13.70%,38.36%,38.17%,,
9-21-06,47.75%,18.02%,34.23%,39.77%,,
9-28-06,51.32%,15.79%,32.89%,42.26%,,
10-5-06,37.78%,15.56%,46.67%,42.41%,,
10-12-06,48.98%,13.27%,37.76%,44.71%,,
10-19-06,54.20%,16.03%,29.77%,46.57%,,
10-26-06,52.17%,17.39%,30.43%,47.89%,,
11-2-06,43.75%,19.38%,36.88%,47.99%,,
11-9-06,50.60%,22.89%,26.51%,48.32%,,
11-16-06,46.56%,22.90%,30.53%,48.17%,,
11-23-06,41.94%,16.13%,41.94%,47.00%,,
11-30-06,40.22%,12.29%,47.49%,47.30%,,
12-7-06,38.94%,19.47%,41.59%,46.05%,,
12-14-06,41.33%,20.67%,38.00%,44.44%,,
12-21-06,39.08%,18.39%,42.53%,42.80%,,
12-28-06,46.00%,18.00%,36.00%,43.08%,,
1-4-07,49.14%,21.55%,29.31%,42.90%,,
1-11-07,44.44%,21.30%,34.26%,42.64%,,
1-18-07,57.78%,15.15%,27.27%,44.62%,,
1-25-07,39.51%,27.16%,33.33%,44.53%,,
2-1-07,46.32%,23.16%,30.53%,45.45%,,
2-8-07,46.15%,23.85%,30.00%,46.05%,,
2-15-07,47.57%,21.36%,31.07%,47.11%,,
2-22-07,53.85%,23.85%,22.31%,48.10%,,
3-1-07,36.63%,23.76%,39.60%,46.53%,,
3-8-07,35.80%,19.32%,44.89%,45.45%,,
3-15-07,32.99%,21.65%,45.36%,42.35%,,
3-22-07,43.88%,23.02%,33.09%,42.90%,,
3-29-07,42.68%,31.71%,25.61%,42.44%,,
4-5-07,32.26%,27.96%,39.78%,40.71%,,
4-12-07,40.85%,21.13%,38.03%,39.87%,,
4-19-07,46.94%,23.47%,29.59%,39.00%,,
4-26-07,39.24%,22.78%,37.97%,39.33%,,
5-3-07,28.57%,17.14%,54.29%,38.43%,,
5-10-07,42.86%,14.29%,42.86%,39.66%,,
5-17-07,38.39%,25.00%,36.61%,38.97%,,
5-24-07,37.35%,24.10%,38.55%,38.31%,,
5-31-07,33.33%,21.88%,44.79%,38.44%,,
6-7-07,40.59%,16.83%,42.57%,38.41%,,
6-14-07,37.30%,19.05%,43.65%,37.20%,,
6-21-07,43.16%,23.16%,33.68%,37.69%,,
6-28-07,39.02%,25.20%,35.77%,39.00%,,
7-5-07,43.84%,23.29%,32.88%,39.12%,,
7-12-07,43.64%,26.36%,30.00%,39.78%,,
7-19-07,41.77%,21.52%,36.71%,40.33%,,
7-26-07,44.21%,18.95%,36.84%,41.69%,,
8-2-07,45.88%,14.12%,40.00%,42.35%,,
8-9-07,45.76%,15.25%,38.98%,43.41%,,
8-16-07,42.22%,12.22%,45.56%,43.29%,,
8-23-07,41.28%,15.60%,43.12%,43.58%,,
8-30-07,40.30%,13.43%,46.27%,43.13%,,
9-6-07,38.38%,19.19%,42.42%,42.48%,,
9-13-07,40.00%,24.71%,35.29%,42.25%,,
9-20-07,39.24%,29.11%,31.65%,41.63%,,
9-27-07,49.37%,16.46%,34.18%,42.07%,,
10-4-07,51.81%,22.89%,25.30%,42.83%,,
10-11-07,54.64%,19.59%,25.77%,44.38%,,
10-18-07,41.96%,22.32%,35.71%,44.46%,,
10-25-07,31.25%,20.54%,48.21%,43.33%,,
11-1-07,44.71%,18.82%,36.47%,44.12%,,
11-8-07,36.19%,12.38%,51.43%,43.65%,,
11-15-07,33.01%,17.48%,49.51%,42.87%,,
11-22-07,25.58%,21.71%,52.71%,39.89%,,
11-29-07,28.57%,15.31%,56.12%,36.99%,,
12-6-07,40.65%,19.51%,39.84%,35.24%,,
12-13-07,47.62%,16.67%,35.71%,35.95%,,
12-20-07,35.85%,16.98%,47.17%,36.52%,,
12-27-07,30.00%,20.00%,50.00%,34.68%,,
1-3-08,25.71%,19.05%,55.24%,33.37%,,
1-10-08,19.63%,21.50%,58.88%,31.70%,,
1-17-08,24.30%,21.30%,54.44%,31.54%,,
1-24-08,25.14%,15.85%,59.02%,31.11%,,
1-31-08,30.08%,21.05%,48.87%,29.79%,,
2-7-08,34.11%,18.69%,47.20%,28.10%,,
2-14-08,33.33%,24.81%,41.86%,27.79%,,
2-21-08,33.18%,22.12%,44.70%,28.19%,,
2-28-08,34.31%,20.44%,45.26%,29.26%,,
3-6-08,21.98%,26.37%,51.65%,29.55%,,
3-13-08,20.42%,20.42%,59.15%,29.07%,,
3-20-08,25.21%,20.51%,54.27%,29.08%,,
3-27-08,41.60%,24.80%,33.60%,30.52%,,
4-3-08,36.70%,23.94%,39.36%,30.84%,,
4-10-08,45.76%,16.95%,37.29%,32.40%,,
4-17-08,30.37%,20.94%,48.69%,32.04%,,
4-24-08,46.67%,25.83%,27.50%,33.59%,,
5-1-08,53.29%,20.39%,26.32%,37.50%,,
5-8-08,52.81%,22.47%,24.72%,41.55%,,
5-15-08,45.16%,25.16%,29.68%,44.05%,,
5-22-08,46.30%,19.44%,34.26%,44.63%,,
5-29-08,31.36%,22.88%,45.76%,43.97%,,
6-5-08,43.48%,18.48%,38.04%,43.68%,,
6-12-08,31.25%,15.18%,53.57%,43.79%,,
6-19-08,32.98%,21.28%,45.74%,42.08%,,
6-26-08,31.25%,16.48%,52.27%,39.32%,,
7-3-08,23.93%,23.93%,52.14%,35.71%,,
7-10-08,22.17%,22.66%,55.17%,32.84%,,
7-17-08,25.00%,16.86%,58.14%,30.18%,,
7-24-08,35.82%,20.14%,44.03%,30.74%,,
7-31-08,40.00%,18.82%,41.18%,30.30%,,
8-7-08,35.61%,21.97%,42.42%,30.85%,,
8-14-08,42.86%,18.18%,38.96%,32.08%,,
8-21-08,38.10%,24.60%,37.30%,32.94%,,
8-28-08,30.68%,23.86%,45.45%,33.78%,,
9-4-08,37.04%,19.75%,43.21%,35.64%,,
9-11-08,29.27%,15.85%,54.88%,36.17%,,
9-18-08,27.21%,18.37%,54.42%,35.10%,,
9-25-08,34.04%,20.21%,45.74%,34.35%,,
10-2-08,33.33%,11.67%,55.00%,34.07%,,
10-9-08,31.47%,7.69%,60.84%,32.64%,,
10-16-08,40.94%,19.30%,39.77%,33.00%,,
10-23-08,38.74%,22.52%,38.74%,34.01%,,
10-30-08,37.14%,22.29%,40.57%,34.02%,,
11-6-08,44.83%,21.84%,33.33%,35.96%,,
11-13-08,38.33%,19.17%,42.50%,37.35%,,
11-20-08,24.37%,18.49%,57.14%,36.14%,,
11-27-08,31.25%,23.86%,44.89%,35.88%,,
12-4-08,26.67%,25.56%,47.78%,35.28%,,
12-11-08,37.50%,22.66%,39.84%,34.85%,,
12-18-08,39.73%,24.66%,35.62%,34.98%,,
12-25-08,28.95%,27.19%,43.86%,33.95%,,
1-1-09,24.00%,21.33%,54.67%,31.35%,,
1-8-09,48.70%,16.23%,35.06%,32.65%,,
1-15-09,27.63%,25.00%,47.37%,33.05%,,
1-22-09,27.21%,26.47%,46.32%,32.55%,,
1-29-09,25.27%,27.47%,47.25%,32.37%,,
2-5-09,24.63%,31.34%,44.03%,30.77%,,
2-12-09,32.91%,27.85%,39.24%,29.91%,,
2-19-09,21.64%,21.64%,56.72%,29.00%,,
2-26-09,24.30%,20.56%,55.14%,29.04%,,
3-5-09,18.92%,10.81%,70.27%,25.31%,,
3-12-09,27.64%,17.89%,54.47%,25.32%,,
3-19-09,45.06%,16.67%,38.27%,27.55%,,
3-26-09,39.13%,18.48%,42.39%,29.28%,,
4-2-09,42.66%,20.28%,37.06%,31.53%,,
4-9-09,35.71%,20.00%,44.29%,31.88%,,
4-16-09,44.14%,20.00%,35.86%,34.70%,,
4-23-09,31.82%,29.55%,38.64%,35.64%,,
4-30-09,36.09%,20.30%,43.61%,37.78%,,
5-7-09,44.09%,22.58%,33.33%,39.84%,,
5-14-09,43.81%,20.95%,35.24%,39.68%,,
5-21-09,33.72%,20.93%,45.35%,39.01%,,
5-28-09,40.37%,11.01%,48.62%,38.72%,,
6-4-09,47.56%,15.85%,36.59%,40.20%,,
6-11-09,39.25%,21.50%,39.25%,39.59%,,
6-18-09,33.33%,20.24%,46.43%,39.78%,,
6-25-09,28.00%,23.20%,48.80%,38.77%,,
7-2-09,37.84%,17.57%,44.59%,37.99%,,
7-9-09,27.91%,17.44%,54.65%,36.00%,,
7-16-09,28.68%,24.26%,47.06%,35.37%,,
7-23-09,37.60%,20.00%,42.40%,35.02%,,
7-30-09,47.67%,20.93%,31.40%,35.04%,,
8-6-09,50.00%,14.84%,35.16%,36.38%,,
8-13-09,51.00%,16.00%,33.00%,38.59%,,
8-20-09,34.07%,25.93%,40.00%,39.35%,,
8-27-09,33.98%,17.48%,48.54%,38.86%,,
9-3-09,37.97%,24.05%,37.97%,40.12%,,
9-10-09,37.33%,18.67%,44.00%,41.20%,,
9-17-09,42.14%,17.86%,40.00%,41.77%,,
9-24-09,39.09%,16.36%,44.55%,40.70%,,
10-1-09,43.55%,20.97%,35.48%,39.89%,,
10-8-09,35.09%,23.68%,41.23%,37.90%,,
10-15-09,47.30%,18.92%,33.78%,39.56%,,
10-22-09,40.48%,23.81%,35.71%,40.37%,,
10-29-09,33.65%,24.04%,42.31%,39.83%,,
11-5-09,22.22%,22.22%,55.56%,37.94%,,
11-12-09,38.60%,22.80%,38.60%,37.50%,,
11-19-09,42.73%,25.45%,31.82%,37.95%,,
11-26-09,41.66%,16.66%,41.66%,37.72%,,
12-3-09,41.58%,24.75%,33.66%,38.53%,,
12-10-09,42.68%,21.95%,35.37%,37.95%,,
12-17-09,42.11%,29.47%,28.42%,38.15%,,
12-24-09,37.68%,24.64%,37.68%,38.66%,,
12-31-09,49.18%,27.87%,22.95%,42.03%,,
1-7-10,41.00%,33.00%,26.00%,42.33%,,
1-14-10,47.44%,25.64%,26.92%,42.92%,,
1-21-10,40.00%,25.26%,34.74%,42.71%,,
1-28-10,35.00%,28.33%,36.67%,41.89%,,
2-4-10,29.23%,27.69%,43.08%,40.21%,,
2-11-10,36.75%,21.37%,41.88%,39.54%,,
2-18-10,35.85%,28.93%,35.22%,39.31%,,
2-25-10,34.89%,35.57%,29.53%,37.52%,,
3-4-10,35.86%,37.93%,26.21%,36.88%,,
3-11-10,45.29%,29.41%,25.29%,36.61%,,
3-18-10,35.37%,34.76%,29.88%,36.03%,,
3-25-10,32.39%,32.95%,34.66%,35.70%,,
4-1-10,41.30%,27.54%,31.16%,37.21%,,
4-8-10,42.86%,26.79%,30.36%,37.98%,,
4-15-10,48.48%,21.82%,29.70%,39.56%,,
4-22-10,38.12%,27.62%,34.25%,39.96%,,
4-29-10,41.36%,30.00%,28.64%,40.65%,,
5-6-10,39.13%,32.30%,28.57%,39.88%,,
5-13-10,36.60%,26.80%,36.60%,40.03%,,
5-20-10,41.30%,25.00%,33.70%,41.14%,,
5-27-10,29.83%,19.30%,50.88%,39.71%,,
6-3-10,37.09%,22.07%,40.85%,38.99%,,
6-10-10,34.48%,22.41%,43.10%,37.24%,,
6-17-10,42.45%,26.89%,30.66%,37.78%,,
6-24-10,34.46%,33.11%,32.43%,36.92%,,
7-1-10,24.68%,33.33%,41.99%,35.11%,,
7-8-10,20.94%,21.99%,57.07%,33.15%,,
7-15-10,39.37%,22.84%,37.80%,32.91%,,
7-22-10,32.16%,22.81%,45.03%,33.20%,,
7-29-10,40.00%,26.67%,33.33%,33.57%,,
8-5-10,30.39%,31.37%,38.24%,33.06%,,
8-12-10,39.76%,30.12%,30.12%,32.72%,,
8-19-10,30.11%,27.42%,42.47%,32.18%,,
8-26-10,20.74%,29.79%,49.47%,31.68%,,
9-2-10,30.80%,27.00%,42.21%,32.92%,,
9-9-10,43.87%,24.51%,31.61%,33.48%,,
9-16-10,50.89%,24.85%,24.26%,35.82%,,
9-23-10,44.97%,29.63%,25.40%,36.44%,,
9-30-10,42.53%,25.86%,31.61%,37.96%,,
10-7-10,49.03%,23.23%,27.74%,39.12%,,
10-14-10,47.10%,26.09%,26.81%,41.24%,,
10-21-10,49.62%,25.19%,25.19%,44.85%,,
10-28-10,51.23%,27.16%,21.60%,47.41%,,
11-4-10,48.23%,21.99%,29.79%,47.95%,,
11-11-10,57.56%,13.95%,28.49%,48.78%,,
11-18-10,40.00%,27.50%,32.50%,48.16%,,
11-25-10,47.40%,27.92%,24.68%,48.77%,,
12-2-10,49.66%,24.14%,26.21%,48.85%,,
12-9-10,53.05%,24.39%,22.56%,49.59%,,
12-16-10,50.23%,22.62%,27.15%,49.67%,,
12-23-10,63.28%,20.31%,16.40%,51.18%,,
12-30-10,51.61%,28.34%,20.05%,51.60%,,
1-6-11,55.88%,25.86%,18.25%,51.39%,,
1-13-11,52.34%,24.22%,23.44%,52.93%,,
1-20-11,50.75%,20.15%,29.10%,53.35%,,
1-27-11,42.04%,23.67%,34.29%,52.40%,,
2-3-11,51.54%,21.59%,26.87%,52.21%,,
2-10-11,49.40%,23.69%,26.91%,52.11%,,
2-17-11,46.58%,27.85%,25.57%,50.02%,,
2-24-11,36.63%,27.23%,36.14%,48.15%,,
3-3-11,36.79%,30.05%,33.16%,45.76%,,
3-10-11,35.97%,31.71%,32.32%,43.71%,,
3-17-11,28.49%,31.39%,40.12%,40.93%,,
3-24-11,37.74%,27.27%,34.97%,40.39%,,
3-31-11,41.81%,27.12%,31.07%,39.18%,,
4-7-11,43.59%,27.56%,28.85%,38.45%,,
4-14-11,42.25%,26.76%,30.99%,37.91%,,
4-21-11,32.16%,36.84%,30.99%,37.35%,,
4-28-11,37.90%,31.45%,30.65%,37.49%,,
5-5-11,35.46%,32.67%,31.87%,37.43%,,
5-12-11,30.77%,33.73%,35.50%,37.71%,,
5-19-11,26.69%,32.02%,41.29%,36.33%,,
5-26-11,25.61%,32.97%,41.42%,34.30%,,
6-2-11,30.18%,36.39%,33.43%,32.63%,,
6-9-11,24.42%,27.91%,47.67%,30.40%,,
6-16-11,29.00%,28.25%,42.75%,30.00%,,
6-23-11,37.46%,26.80%,35.74%,29.95%,,
6-30-11,38.31%,31.49%,30.19%,30.31%,,
7-7-11,41.77%,33.54%,24.68%,31.68%,,
7-14-11,39.31%,31.45%,29.25%,33.26%,,
7-21-11,39.86%,29.54%,30.61%,35.04%,,
7-28-11,37.84%,30.74%,31.42%,36.00%,,
8-4-11,27.16%,22.99%,49.85%,36.34%,,
8-11-11,33.43%,21.79%,44.78%,36.89%,,
8-18-11,35.56%,24.62%,39.82%,36.66%,,
8-25-11,36.44%,22.60%,40.96%,36.42%,,
9-1-11,38.62%,29.04%,32.34%,36.03%,,
9-8-11,30.22%,29.50%,40.29%,34.89%,,
9-15-11,30.50%,28.15%,41.35%,33.72%,,
9-22-11,25.33%,26.67%,48.00%,32.16%,,
9-29-11,32.51%,20.68%,46.79%,32.83%,,
10-6-11,35.23%,19.04%,45.71%,33.05%,,
10-13-11,39.77%,23.86%,36.36%,33.58%,,
10-20-11,35.98%,29.41%,34.60%,33.52%,,
10-27-11,43.00%,32.00%,25.00%,34.07%,,
11-3-11,40.18%,30.20%,29.62%,35.31%,,
11-10-11,44.73%,30.70%,24.56%,37.09%,,
11-17-11,41.93%,27.01%,31.04%,39.17%,,
11-24-11,32.71%,29.01%,38.27%,39.19%,,
12-1-11,33.04%,27.53%,39.42%,38.92%,,
12-8-11,38.57%,26.66%,34.76%,38.77%,,
12-15-11,40.18%,26.16%,33.64%,39.29%,,
12-22-11,33.73%,38.04%,28.24%,38.13%,,
12-29-11,40.60%,28.57%,30.83%,38.19%,,
1-5-12,48.88%,33.95%,17.16%,38.70%,,
1-12-12,49.14%,33.68%,17.18%,39.61%,,
1-19-12,47.23%,29.15%,23.61%,41.42%,,
1-26-12,48.40%,32.69%,18.91%,43.34%,,
2-2-12,43.81%,31.12%,25.08%,43.99%,,
2-9-12,51.64%,28.17%,20.19%,45.43%,,
2-16-12,42.71%,30.65%,26.63%,46.55%,,
2-23-12,43.69%,28.80%,27.51%,46.94%,,
3-1-12,44.51%,28.66%,26.83%,46.39%,,
3-8-12,42.38%,28.62%,29.00%,45.55%,,
3-15-12,45.61%,27.20%,27.20%,45.34%,,
3-22-12,42.38%,29.80%,27.81%,44.59%,,
3-29-12,42.47%,32.05%,25.48%,44.42%,,
4-5-12,38.17%,34.02%,27.80%,42.74%,,
4-12-12,28.14%,30.30%,41.56%,40.92%,,
4-19-12,31.18%,34.98%,33.84%,39.36%,,
4-26-12,27.64%,34.96%,37.40%,37.25%,,
5-3-12,35.40%,36.13%,28.47%,36.37%,,
5-10-12,25.40%,32.54%,42.06%,33.85%,,
5-17-12,23.58%,30.45%,45.97%,31.50%,,
5-24-12,30.47%,30.86%,38.67%,30.00%,,
5-31-12,28.02%,29.96%,42.02%,28.73%,,
6-7-12,27.45%,26.80%,45.75%,28.64%,,
6-14-12,34.04%,30.18%,35.79%,29.00%,,
6-21-12,32.89%,31.23%,35.88%,29.66%,,
6-28-12,28.67%,26.96%,44.37%,28.81%,,
7-5-12,32.64%,34.03%,33.33%,29.72%,,
7-12-12,30.23%,35.05%,34.73%,30.55%,,
7-19-12,22.19%,36.02%,41.79%,29.51%,,
7-26-12,28.12%,28.75%,43.13%,29.53%,,
8-2-12,30.45%,34.63%,34.93%,29.90%,,
8-9-12,36.47%,36.18%,27.35%,30.21%,,
8-16-12,36.84%,35.09%,28.07%,30.70%,,
8-23-12,41.96%,32.17%,25.87%,32.36%,,
8-30-12,34.72%,32.64%,32.64%,32.62%,,
9-6-12,33.06%,33.88%,33.06%,32.98%,,
9-13-12,36.46%,30.56%,32.99%,34.76%,,
9-20-12,37.50%,28.72%,33.78%,35.93%,,
9-27-12,36.10%,27.44%,36.46%,36.64%,,
10-4-12,33.86%,32.91%,33.23%,36.31%,,
10-11-12,30.58%,30.58%,38.85%,35.53%,,
10-18-12,28.66%,26.79%,44.55%,33.87%,,
10-25-12,29.25%,27.67%,43.08%,33.18%,,
11-1-12,35.74%,23.28%,40.98%,33.52%,,
11-8-12,38.50%,21.60%,39.91%,33.77%,,
11-15-12,28.82%,22.35%,48.82%,32.69%,,
11-22-12,35.82%,23.40%,40.78%,32.65%,,
11-28-12,40.93%,24.71%,34.36%,33.54%,,
12-6-12,42.22%,23.17%,34.60%,34.99%,,
12-13-12,43.23%,26.69%,30.08%,36.81%,,
12-20-12,46.40%,28.80%,24.80%,38.96%,,
12-27-12,44.40%,25.37%,30.22%,40.04%,,
1-3-13,38.71%,25.09%,36.20%,40.07%,,
1-10-13,46.45%,26.63%,26.92%,42.27%,,
1-17-13,43.94%,28.73%,27.32%,43.29%,,
1-24-13,52.34%,23.39%,24.27%,44.71%,,
1-31-13,48.04%,27.65%,24.30%,45.44%,,
2-7-13,42.77%,27.67%,29.56%,45.38%,,
2-14-13,42.25%,29.01%,28.73%,44.86%,,
2-21-13,41.79%,25.71%,32.50%,44.54%,,
2-28-13,28.39%,35.02%,36.59%,43.25%,,
3-7-13,31.06%,30.43%,38.51%,41.32%,,
3-14-13,45.42%,22.55%,32.03%,41.51%,,
3-21-13,38.94%,27.72%,33.33%,39.83%,,
3-28-13,38.40%,32.95%,28.65%,38.63%,,
4-4-13,35.49%,36.34%,28.17%,37.72%,,
4-11-13,19.31%,26.21%,54.48%,34.85%,,
4-18-13,26.85%,24.93%,48.22%,32.98%,,
4-25-13,28.29%,32.89%,38.82%,32.97%,,
5-2-13,30.99%,33.10%,35.92%,32.96%,,
5-9-13,40.79%,31.77%,27.44%,32.38%,,
5-16-13,38.49%,32.18%,29.34%,32.33%,,
5-23-13,48.97%,29.45%,21.58%,33.65%,,
5-30-13,35.97%,34.39%,29.64%,33.71%,,
6-6-13,29.47%,31.58%,38.95%,34.98%,,
6-13-13,32.97%,32.43%,34.59%,35.74%,,
6-20-13,37.45%,32.58%,29.96%,36.89%,,
6-27-13,30.28%,34.56%,35.17%,36.80%,,
7-4-13,41.99%,34.16%,23.84%,36.95%,,
7-11-13,48.94%,32.77%,18.30%,38.26%,,
7-18-13,47.74%,31.01%,21.25%,38.10%,,
7-25-13,45.12%,32.32%,22.56%,39.24%,,
8-1-13,35.62%,39.38%,25.00%,40.01%,,
8-8-13,39.50%,33.86%,26.65%,40.83%,,
8-15-13,34.51%,37.32%,28.17%,40.46%,,
8-22-13,28.96%,28.19%,42.86%,40.30%,,
8-29-13,33.54%,35.71%,30.75%,39.24%,,
9-5-13,35.53%,33.22%,31.25%,37.56%,,
9-12-13,45.52%,29.90%,24.58%,37.29%,,
9-19-13,45.11%,25.19%,29.70%,37.28%,,
9-26-13,36.05%,33.33%,30.61%,37.34%,,
10-3-13,37.84%,32.09%,30.07%,37.13%,,
10-10-13,41.33%,25.09%,33.58%,37.98%,,
10-17-13,46.28%,28.80%,24.92%,40.15%,,
10-24-13,49.20%,33.23%,17.57%,42.11%,,
10-31-13,44.97%,33.56%,21.48%,43.29%,,
11-7-13,45.48%,32.71%,21.81%,43.28%,,
11-14-13,39.20%,33.33%,27.47%,42.54%,,
11-21-13,34.39%,36.13%,29.48%,42.34%,,
11-28-13,47.30%,24.44%,28.25%,43.52%,,
12-5-13,42.64%,29.81%,27.55%,43.68%,,
12-12-13,41.27%,33.73%,25.00%,43.06%,,
12-19-13,47.46%,27.46%,25.08%,42.84%,,
12-26-13,55.06%,26.40%,18.54%,44.10%,,
1-2-14,43.09%,27.64%,29.27%,43.80%,,
1-9-14,43.62%,31.38%,25.00%,44.35%,,
1-16-14,38.99%,39.52%,21.49%,44.93%,,
1-23-14,38.12%,38.12%,23.76%,43.78%,,
1-30-14,32.18%,35.06%,32.76%,42.47%,,
2-6-14,27.90%,35.70%,36.41%,40.80%,,
2-13-14,40.15%,32.51%,27.34%,39.89%,,
2-20-14,42.20%,35.00%,22.80%,38.28%,,
2-27-14,39.69%,39.18%,21.13%,37.86%,,
3-6-14,40.51%,32.86%,26.63%,37.47%,,
3-13-14,41.34%,31.84%,26.82%,37.76%,,
3-20-14,36.78%,37.07%,26.15%,37.59%,,
3-27-14,31.16%,40.23%,28.61%,37.47%,,
4-3-14,35.36%,37.86%,26.79%,38.40%,,
4-10-14,28.48%,37.42%,34.11%,36.94%,,
4-17-14,27.22%,38.53%,34.25%,35.07%,,
4-24-14,34.50%,39.47%,26.02%,34.42%,,
5-1-14,29.77%,40.78%,29.45%,33.08%,,
5-8-14,28.34%,42.99%,28.66%,31.45%,,
5-15-14,33.12%,44.27%,22.61%,30.99%,,
5-22-14,30.43%,43.17%,26.40%,30.90%,,
5-29-14,36.46%,40.33%,23.20%,31.04%,,
6-5-14,39.51%,38.27%,22.22%,32.42%,,
6-12-14,44.69%,34.06%,21.25%,34.60%,,
6-19-14,35.17%,40.70%,24.13%,34.69%,,
6-26-14,37.22%,41.69%,21.09%,35.62%,,
7-3-14,38.51%,39.10%,22.39%,36.89%,,
7-10-14,37.64%,33.71%,28.65%,37.45%,,
7-17-14,32.36%,39.16%,28.48%,37.70%,,
7-24-14,29.63%,40.43%,29.94%,36.84%,,
7-31-14,31.12%,37.76%,31.12%,35.79%,,
8-7-14,30.89%,30.89%,38.23%,34.07%,,
8-14-14,39.81%,33.23%,26.96%,34.65%,,
8-21-14,46.11%,30.24%,23.65%,35.76%,,
8-28-14,51.92%,28.85%,19.23%,37.44%,,
9-4-14,44.67%,31.36%,23.96%,38.31%,,
9-11-14,40.38%,33.01%,26.60%,39.32%,,
9-18-14,42.24%,34.78%,22.98%,40.89%,,
9-25-14,41.84%,29.93%,28.23%,42.23%,,
10-2-14,35.42%,33.68%,30.90%,42.80%,,
10-9-14,39.88%,29.14%,30.98%,42.81%,,
10-16-14,42.66%,23.64%,33.70%,42.38%,,
10-23-14,49.69%,27.81%,22.50%,42.10%,,
10-30-14,49.37%,29.56%,21.07%,42.68%,,
11-6-14,52.69%,32.26%,15.05%,44.22%,,
11-13-14,57.93%,22.76%,19.31%,46.18%,,
11-20-14,49.12%,27.06%,23.82%,47.09%,,
11-27-14,52.15%,27.06%,20.79%,49.19%,,
12-4-14,42.68%,31.38%,25.94%,49.54%,,
12-11-14,45.02%,32.65%,22.34%,49.83%,,
12-18-14,38.74%,34.39%,26.88%,48.46%,,
12-25-14,50.94%,30.19%,18.87%,48.66%,,
1-1-15,51.74%,28.96%,19.31%,48.54%,,
1-8-15,41.01%,31.30%,27.70%,46.42%,,
1-15-15,46.11%,32.40%,21.50%,46.05%,,
1-22-15,37.14%,32.06%,30.79%,44.17%,,
1-29-15,44.17%,33.44%,22.39%,44.36%,,
2-5-15,35.49%,32.08%,32.42%,43.17%,,
2-12-15,40.00%,39.67%,20.33%,43.33%,,
2-19-15,47.02%,35.10%,17.88%,42.84%,,
2-26-15,45.37%,34.33%,20.30%,42.04%,,
3-5-15,39.80%,36.84%,23.36%,41.89%,,
3-12-15,31.60%,43.00%,25.41%,40.08%,,
3-19-15,27.16%,41.36%,31.48%,38.83%,,
3-26-15,38.43%,37.19%,24.38%,38.11%,,
4-2-15,35.40%,32.65%,31.96%,38.10%,,
4-9-15,28.70%,47.15%,24.15%,36.68%,,
4-16-15,32.07%,45.15%,22.78%,34.82%,,
4-23-15,31.47%,45.34%,23.19%,33.08%,,
4-30-15,30.84%,47.21%,21.95%,31.96%,,
5-7-15,27.06%,46.10%,26.84%,31.39%,,
5-14-15,26.74%,46.90%,26.36%,31.34%,,
5-21-15,25.21%,49.79%,25.00%,29.69%,,
5-28-15,27.00%,47.86%,25.14%,28.64%,,
6-4-15,27.34%,48.03%,24.63%,28.47%,,
6-11-15,20.04%,47.38%,32.58%,26.96%,,
6-18-15,25.41%,40.29%,34.30%,26.20%,,
6-25-15,35.56%,42.78%,21.67%,26.79%,,
7-2-15,22.61%,42.30%,35.09%,26.24%,,
7-9-15,27.91%,42.92%,29.18%,26.38%,,
7-16-15,30.81%,45.95%,23.24%,27.08%,,
7-23-15,32.54%,41.87%,25.60%,27.78%,,
7-30-15,21.11%,38.19%,40.70%,27.00%,,
8-6-15,24.32%,44.03%,31.66%,27.53%,,
8-13-15,30.45%,33.40%,36.15%,28.16%,,
8-20-15,26.82%,39.85%,33.33%,27.07%,,
8-27-15,32.50%,29.23%,38.27%,28.31%,,
9-3-15,32.38%,35.94%,31.67%,28.87%,,
9-10-15,34.65%,30.34%,35.01%,29.35%,,
9-17-15,33.26%,37.60%,29.13%,29.44%,,
9-24-15,32.12%,39.19%,28.69%,30.81%,,
10-1-15,28.11%,31.98%,39.92%,31.29%,,
10-8-15,37.52%,34.29%,28.19%,32.17%,,
10-15-15,34.08%,38.78%,27.14%,33.08%,,
10-22-15,34.77%,41.21%,24.02%,33.36%,,
10-29-15,40.39%,39.02%,20.59%,34.36%,,
11-5-15,39.00%,42.40%,18.60%,34.91%,,
11-12-15,34.27%,42.72%,23.00%,35.03%,,
11-19-15,30.77%,38.68%,30.55%,34.86%,,
11-26-15,32.36%,41.61%,26.03%,35.40%,,
12-3-15,29.49%,49.31%,21.20%,34.39%,,
12-10-15,28.51%,41.61%,29.89%,33.69%,,
12-17-15,23.87%,36.75%,39.38%,32.33%,,
12-24-15,26.38%,42.13%,31.49%,30.58%,,
12-31-15,25.07%,51.31%,23.62%,28.84%,,
1-7-16,22.17%,39.57%,38.26%,27.33%,,
1-14-16,17.90%,36.58%,45.53%,25.72%,,
1-21-16,21.52%,29.77%,48.71%,24.36%,,
1-28-16,29.75%,30.28%,39.96%,24.40%,,
2-4-16,27.55%,37.74%,34.72%,24.28%,,
2-11-16,19.24%,32.06%,48.70%,23.70%,,
2-18-16,27.56%,34.64%,37.80%,23.85%,,
2-25-16,31.19%,37.39%,31.42%,24.61%,,
3-3-16,32.02%,38.74%,29.25%,25.84%,,
3-10-16,37.36%,38.27%,24.37%,28.27%,,
3-17-16,29.96%,43.18%,26.86%,29.33%,,
3-24-16,33.78%,42.51%,23.71%,29.83%,,
3-31-16,27.18%,47.06%,25.76%,29.79%,,
4-7-16,32.19%,46.35%,21.46%,31.41%,,
4-14-16,27.85%,47.26%,24.89%,31.44%,,
4-21-16,33.41%,42.67%,23.92%,31.72%,,
4-28-16,27.37%,44.03%,28.60%,31.14%,,
5-5-16,22.33%,47.33%,30.34%,29.26%,,
5-12-16,20.41%,48.30%,31.29%,28.06%,,
5-19-16,19.34%,46.56%,34.10%,26.26%,,
5-26-16,17.75%,52.86%,29.39%,25.08%,,
6-2-16,30.17%,40.78%,29.05%,24.83%,,
6-9-16,27.83%,44.34%,27.83%,24.82%,,
6-16-16,25.35%,37.15%,37.50%,23.82%,,
6-23-16,21.97%,42.80%,35.23%,23.14%,,
6-30-16,28.91%,37.67%,33.42%,23.97%,,
7-7-16,31.06%,42.29%,26.65%,25.30%,,
7-14-16,36.87%,38.71%,24.42%,27.49%,,
7-21-16,35.43%,37.85%,26.72%,29.70%,,
7-28-16,31.25%,40.34%,28.41%,29.83%,,
8-4-16,29.79%,43.44%,26.77%,30.08%,,
8-11-16,31.29%,41.95%,26.76%,30.82%,,
8-18-16,35.56%,38.08%,26.36%,32.52%,,
8-25-16,29.42%,40.94%,29.64%,32.58%,,
9-1-16,28.60%,39.87%,31.52%,32.28%,,
9-8-16,29.75%,41.77%,28.48%,31.39%,,
9-15-16,27.94%,36.14%,35.92%,30.45%,,
9-22-16,24.83%,36.89%,38.28%,29.65%,,
9-29-16,24.00%,38.89%,37.11%,28.92%,,
10-6-16,28.79%,43.30%,27.90%,28.61%,,
10-13-16,25.47%,40.80%,33.73%,27.35%,,
10-20-16,23.74%,38.45%,37.82%,26.64%,,
10-27-16,24.75%,41.18%,34.07%,26.16%,,
11-3-16,23.64%,42.05%,34.32%,25.40%,,
11-10-16,38.89%,31.78%,29.33%,26.76%,,
11-17-16,46.65%,26.77%,26.57%,29.49%,,
11-24-16,49.89%,28.03%,22.08%,32.73%,,
12-1-16,43.78%,31.12%,25.10%,34.60%,,
12-8-16,43.12%,30.39%,26.49%,36.81%,,
12-15-16,44.66%,23.01%,32.33%,39.42%,,
12-22-16,44.61%,26.24%,29.15%,41.90%,,
12-29-16,45.57%,28.69%,25.74%,44.65%,,
1-5-17,46.20%,28.57%,25.23%,45.56%,,
1-12-17,43.64%,29.39%,26.97%,45.18%,,
1-19-17,37.01%,30.32%,32.68%,43.57%,,
1-26-17,31.58%,34.93%,33.49%,42.05%,,
2-2-17,32.80%,33.03%,34.17%,40.76%,,
2-9-17,35.80%,36.54%,27.65%,39.65%,,
2-16-17,33.09%,34.55%,32.36%,38.21%,,
2-23-17,38.46%,29.23%,32.31%,37.32%,,
3-2-17,37.91%,26.47%,35.62%,36.29%,,
3-9-17,30.00%,23.50%,46.50%,34.58%,,
3-16-17,31.17%,30.13%,38.70%,33.85%,,
3-23-17,35.28%,34.22%,30.50%,34.31%,,
3-30-17,30.22%,32.40%,37.38%,33.99%,,
4-6-17,28.30%,32.08%,39.62%,33.05%,,
4-13-17,28.97%,33.64%,37.38%,32.54%,,
4-20-17,25.71%,35.59%,38.70%,30.94%,,
4-27-17,38.05%,30.24%,31.71%,30.96%,,
5-4-17,38.07%,31.98%,29.95%,31.97%,,
5-11-17,32.73%,37.05%,30.22%,32.17%,,
5-18-17,23.85%,41.90%,34.25%,30.74%,,
5-25-17,32.86%,37.14%,30.00%,31.07%,,
6-1-17,26.92%,41.54%,31.54%,30.90%,,
6-8-17,35.43%,35.04%,29.53%,31.70%,,
6-15-17,32.27%,38.25%,29.48%,32.52%,,
6-22-17,32.65%,38.44%,28.91%,31.85%,,
6-29-17,29.71%,43.43%,26.86%,30.80%,,
7-6-17,29.58%,40.56%,29.86%,30.41%,,
7-13-17,28.24%,42.13%,29.63%,30.96%,,
7-20-17,35.48%,38.71%,25.81%,31.29%,,
7-27-17,34.46%,41.22%,24.32%,32.23%,,
8-3-17,36.11%,31.79%,32.10%,32.31%,,
8-10-17,33.67%,34.00%,32.33%,32.49%,,
8-17-17,34.17%,33.03%,32.80%,32.68%,,
8-24-17,28.10%,33.61%,38.29%,32.48%,,
8-31-17,25.00%,35.11%,39.89%,31.90%,,
9-7-17,29.28%,34.98%,35.74%,32.03%,,
9-14-17,41.29%,36.74%,21.97%,32.76%,,
9-21-17,40.14%,32.65%,27.21%,33.47%,,
9-28-17,33.33%,37.93%,28.74%,33.12%,,
10-5-17,35.60%,31.60%,32.80%,33.36%,,
10-12-17,39.77%,33.33%,26.90%,34.06%,,
10-19-17,37.93%,34.14%,27.93%,35.29%,,
10-26-17,39.64%,27.33%,33.03%,37.12%,,
11-2-17,45.05%,26.37%,28.57%,39.09%,,
11-9-17,45.10%,31.82%,23.08%,39.57%,,
11-16-17,29.35%,35.43%,35.22%,38.22%,,
11-23-17,35.49%,35.49%,29.01%,38.49%,,
11-30-17,35.95%,32.43%,31.62%,38.54%,,
12-7-17,36.88%,28.90%,34.22%,38.17%,,
12-14-17,45.00%,26.88%,28.13%,39.06%,,
12-21-17,50.50%,23.88%,25.62%,40.42%,,
12-28-17,52.65%,26.72%,20.63%,41.36%,,
1-4-18,59.75%,24.69%,15.56%,43.19%,,
1-11-18,48.67%,26.25%,25.07%,45.61%,,
1-18-18,54.11%,24.50%,21.39%,47.94%,,
1-25-18,45.45%,30.52%,24.03%,49.13%,,
2-1-18,44.77%,26.47%,28.76%,50.11%,,
2-8-18,37.03%,27.96%,35.01%,49.12%,,
2-15-18,48.52%,30.07%,21.41%,48.87%,,
2-22-18,44.65%,32.56%,22.79%,47.87%,,
3-1-18,37.28%,39.31%,23.41%,45.06%,,
3-8-18,26.40%,45.21%,28.38%,42.28%,,
3-15-18,36.84%,41.83%,21.33%,40.12%,,
3-22-18,33.23%,38.28%,28.49%,38.59%,,
3-29-18,31.94%,32.73%,35.33%,36.99%,,
4-5-18,31.90%,31.47%,36.64%,36.35%,,
4-12-18,26.09%,31.16%,42.75%,33.54%,,
4-19-18,37.78%,33.00%,29.22%,32.68%,,
4-26-18,36.91%,37.54%,25.55%,32.64%,,
5-3-18,28.40%,41.36%,30.25%,32.89%,,
5-10-18,33.51%,40.96%,25.53%,32.47%,,
5-17-18,36.68%,42.74%,20.58%,32.90%,,
5-24-18,38.56%,36.27%,25.16%,33.73%,,
5-31-18,35.02%,38.63%,26.35%,34.12%,,
6-7-18,38.93%,34.35%,26.72%,35.72%,,
6-14-18,44.78%,33.52%,21.70%,36.60%,,
6-21-18,38.72%,35.10%,26.18%,36.82%,,
6-28-18,28.45%,30.75%,40.80%,36.83%,,
7-5-18,27.86%,32.87%,39.28%,36.12%,,
7-12-18,43.05%,27.80%,29.15%,36.92%,,
7-19-18,34.66%,40.40%,24.94%,36.43%,,
7-26-18,31.52%,41.58%,26.90%,36.00%,,
8-2-18,29.11%,38.81%,32.08%,34.77%,,
8-9-18,36.36%,32.60%,31.03%,33.72%,,
8-16-18,36.17%,34.75%,29.08%,33.40%,,
8-23-18,38.46%,34.47%,27.07%,34.65%,,
8-30-18,43.50%,32.11%,24.39%,36.60%,,
9-6-18,42.22%,31.48%,26.30%,36.50%,,
9-13-18,32.09%,35.07%,32.84%,36.18%,,
9-20-18,32.04%,35.92%,32.04%,36.24%,,
9-27-18,36.22%,32.68%,31.10%,37.13%,,
10-4-18,45.66%,29.22%,25.11%,38.30%,,
10-11-18,30.61%,33.94%,35.45%,37.60%,,
10-18-18,33.94%,31.05%,35.02%,37.03%,,
10-25-18,27.97%,31.03%,41.00%,35.09%,,
11-1-18,37.93%,27.59%,34.48%,34.56%,,
11-8-18,41.28%,27.52%,31.19%,35.71%,,
11-15-18,35.09%,28.95%,35.96%,36.09%,,
11-22-18,25.25%,27.61%,47.14%,34.72%,,
11-29-18,33.88%,26.64%,39.47%,33.24%,,
12-6-18,37.94%,31.56%,30.50%,34.16%,,
12-13-18,20.90%,30.23%,48.87%,32.53%,,
12-20-18,24.86%,27.84%,47.30%,32.14%,,
12-27-18,31.55%,18.15%,50.30%,31.35%,,
1-3-19,33.02%,24.21%,42.77%,30.31%,,
1-10-19,38.46%,32.17%,29.37%,30.73%,,
1-17-19,33.53%,30.21%,36.25%,31.77%,,
1-24-19,37.66%,30.03%,32.32%,32.24%,,
1-31-19,31.76%,36.49%,31.76%,31.47%,,
2-7-19,39.87%,37.34%,22.78%,33.84%,,
2-14-19,35.10%,39.82%,25.07%,35.12%,,
2-21-19,39.32%,35.29%,25.39%,36.09%,,
2-28-19,41.63%,38.37%,20.00%,37.17%,,
3-7-19,37.39%,35.87%,26.75%,37.03%,,
3-14-19,32.42%,36.52%,31.06%,36.89%,,
3-21-19,37.30%,39.29%,23.41%,36.85%,,
3-28-19,33.20%,39.60%,27.20%,37.03%,,
4-4-19,35.02%,36.71%,28.27%,36.42%,,
4-11-19,40.29%,39.33%,20.38%,37.07%,,
4-18-19,37.56%,40.61%,21.83%,36.85%,,
4-25-19,33.52%,46.31%,20.17%,35.84%,,
5-2-19,39.02%,39.63%,21.34%,36.04%,,
5-9-19,43.12%,33.70%,23.19%,37.38%,,
5-16-19,29.82%,30.88%,39.30%,36.45%,,
5-23-19,24.71%,39.22%,36.08%,35.38%,,
5-30-19,24.79%,35.12%,40.08%,34.10%,,
6-6-19,22.53%,34.89%,42.58%,31.88%,,
6-13-19,26.84%,38.96%,34.20%,30.54%,,
6-20-19,29.51%,38.36%,32.13%,30.04%,,
6-27-19,29.59%,38.36%,32.05%,28.86%,,
7-3-19,33.16%,34.49%,32.35%,27.62%,,
7-11-19,33.61%,38.89%,27.50%,28.09%,,
7-18-19,35.93%,35.43%,28.64%,29.49%,,
7-25-19,31.74%,36.24%,32.02%,30.36%,,
8-1-19,38.44%,37.50%,24.06%,32.35%,,
8-8-19,21.66%,30.15%,48.20%,31.70%,,
8-15-19,23.18%,31.97%,44.85%,30.91%,,
8-22-19,26.64%,33.64%,39.72%,30.54%,,
8-29-19,26.13%,31.66%,42.21%,29.66%,,
9-5-19,28.64%,31.85%,39.51%,29.04%,,
9-12-19,33.13%,35.63%,31.25%,28.69%,,
9-19-19,35.34%,36.84%,27.82%,29.14%,,
9-26-19,29.37%,37.37%,33.26%,28.01%,,
10-3-19,21.37%,39.19%,39.44%,27.97%,,
10-10-19,20.31%,35.73%,43.96%,27.62%,,
10-17-19,33.62%,35.33%,31.05%,28.49%,,
10-24-19,35.60%,36.13%,28.27%,29.67%,,
10-31-19,33.98%,37.59%,28.43%,30.34%,,
11-7-19,40.30%,35.77%,23.93%,31.24%,,
11-14-19,40.72%,34.46%,24.82%,31.91%,,
11-21-19,34.24%,36.72%,29.03%,32.52%,,
11-29-19,33.64%,36.09%,30.28%,34.05%,,
12-5-19,31.72%,39.16%,29.13%,35.48%,,
12-12-19,37.63%,36.32%,26.05%,35.98%,,
12-19-19,44.09%,35.43%,20.47%,37.04%,,
12-26-19,41.89%,36.58%,21.53%,38.03%,,
1-2-20,37.22%,40.91%,21.88%,37.64%,,
1-9-20,33.07%,37.04%,29.89%,36.69%,,
1-16-20,41.83%,30.66%,27.51%,37.64%,,
1-23-20,45.60%,29.63%,24.77%,39.13%,,
1-30-20,31.98%,31.17%,36.86%,39.16%,,
2-6-20,33.87%,30.91%,35.22%,38.69%,,
2-13-20,41.33%,32.27%,26.40%,38.35%,,
2-20-20,40.56%,30.77%,28.67%,38.18%,,
2-27-20,30.43%,30.43%,39.13%,37.34%,,
3-5-20,38.74%,21.62%,39.64%,38.04%,,
3-12-20,29.74%,18.95%,51.31%,36.53%,,
3-19-20,34.35%,14.50%,51.15%,35.13%,,
3-26-20,32.90%,15.03%,52.07%,35.24%,,
4-2-20,34.24%,16.03%,49.73%,35.29%,,
4-9-20,36.60%,18.73%,44.67%,34.70%,,
4-16-20,34.86%,22.39%,42.75%,33.98%,,
4-23-20,24.86%,25.14%,50.00%,33.29%,,
4-30-20,30.60%,25.37%,44.03%,32.27%,,
5-7-20,23.67%,23.67%,52.66%,31.51%,,
5-14-20,23.31%,26.07%,50.61%,30.13%,,
5-21-20,29.00%,25.97%,45.02%,29.64%,,
5-28-20,33.07%,24.80%,42.13%,29.50%,,
6-4-20,34.55%,26.58%,38.87%,29.24%,,
6-11-20,34.28%,27.67%,38.05%,29.17%,,
6-18-20,24.37%,27.85%,47.78%,29.11%,,
6-25-20,24.14%,26.96%,48.90%,28.30%,,
7-2-20,22.15%,31.96%,45.89%,28.11%,,
7-9-20,27.16%,30.17%,42.67%,28.59%,,
7-16-20,30.84%,23.79%,45.37%,28.82%,,
7-23-20,26.06%,27.11%,46.83%,27.94%,,
7-30-20,20.23%,31.30%,48.47%,26.15%,,
8-6-20,23.29%,29.11%,47.60%,24.78%,,
8-13-20,30.04%,27.84%,42.12%,25.49%,,
8-20-20,30.39%,27.21%,42.40%,26.27%,,
8-27-20,32.08%,28.30%,39.62%,27.51%,,
9-3-20,30.80%,27.43%,41.77%,27.96%,,
9-10-20,23.71%,27.84%,48.45%,27.07%,,
9-17-20,32.02%,27.59%,40.39%,27.82%,,
9-24-20,24.89%,29.11%,45.99%,28.40%,,
10-1-20,26.24%,30.69%,43.07%,28.77%,,
10-8-20,34.74%,26.29%,38.97%,29.36%,,
10-15-20,34.78%,29.47%,35.75%,29.91%,,
10-22-20,35.75%,31.22%,33.03%,30.37%,,
10-29-20,35.29%,29.41%,35.29%,30.93%,,
11-5-20,37.96%,30.56%,31.48%,32.71%,,
11-12-20,55.84%,19.29%,24.87%,35.69%,,
11-19-20,44.35%,29.29%,26.36%,38.12%,,
11-27-20,47.25%,25.27%,27.47%,40.75%,,
12-3-20,49.07%,28.25%,22.68%,42.54%,,
12-10-20,48.06%,25.09%,26.86%,44.20%,,
12-17-20,43.43%,30.28%,26.29%,45.16%,,
12-24-20,43.57%,34.44%,21.99%,46.19%,,
12-31-20,46.08%,27.12%,26.80%,47.21%,,
1-7-21,45.19%,23.08%,31.73%,45.87%,,
1-21-21,42.55%,22.98%,34.47%,45.65%,,
1-28-21,37.66%,24.03%,38.31%,44.45%,,
2-4-21,37.35%,27.06%,35.59%,42.99%,,
2-11-21,45.45%,28.28%,26.26%,42.66%,,
2-18-21,47.06%,27.55%,25.39%,43.11%,,
2-25-21,45.93%,30.29%,23.78%,43.41%,,
3-4-21,40.26%,34.42%,25.32%,42.68%,,
3-11-21,49.41%,27.06%,23.53%,43.21%,,
3-18-21,48.94%,27.46%,23.59%,44.01%,,
3-25-21,50.95%,28.48%,20.57%,45.67%,,
4-1-21,45.83%,30.95%,23.21%,46.73%,,
4-8-21,56.91%,22.70%,20.39%,48.16%,,
4-15-21,53.82%,21.59%,24.58%,49.01%,,
4-22-21,52.68%,26.81%,20.50%,49.85%,,
4-29-21,42.57%,31.76%,25.68%,50.14%,,
5-6-21,44.31%,32.55%,23.14%,49.50%,,
5-13-21,36.52%,36.52%,26.96%,47.95%,,
5-20-21,37.03%,36.71%,26.27%,46.21%,,
5-27-21,36.43%,37.14%,26.43%,45.03%,,
6-3-21,44.07%,36.17%,19.76%,43.43%,,
6-10-21,40.23%,39.10%,20.68%,41.73%,,
6-17-21,41.12%,32.71%,26.17%,40.28%,,
6-24-21,40.42%,36.25%,23.33%,40.02%,,
7-1-21,48.65%,29.19%,22.16%,40.56%,,
7-8-21,40.20%,35.29%,24.51%,41.02%,,
7-15-21,36.17%,37.02%,26.81%,40.91%,,
7-22-21,30.65%,38.71%,30.65%,40.19%,,
7-29-21,36.16%,39.73%,24.11%,39.20%,,
8-5-21,36.07%,32.24%,31.69%,38.68%,,
8-12-21,36.97%,31.51%,31.51%,38.16%,,
8-19-21,33.17%,31.73%,35.10%,37.25%,,
8-26-21,39.56%,27.47%,32.97%,36.12%,,
9-2-21,43.43%,23.23%,33.33%,36.52%,,
9-9-21,38.89%,33.89%,27.22%,36.86%,,
9-16-21,22.45%,38.27%,39.29%,35.84%,,
9-23-21,29.90%,30.93%,39.18%,35.06%,,
9-30-21,28.14%,31.14%,40.72%,34.07%,,
10-7-21,25.47%,37.74%,36.79%,32.63%,,
10-14-21,37.91%,30.33%,31.75%,33.22%,,
10-21-21,46.89%,25.36%,27.75%,34.14%,,
10-27-21,39.83%,30.74%,29.44%,33.69%,,
11-4-21,41.50%,32.50%,26.00%,34.01%,,
11-11-21,48.00%,28.00%,24.00%,37.21%,,
11-18-21,38.84%,33.93%,27.23%,38.32%,,
11-24-21,33.81%,30.48%,35.71%,39.03%,,
12-2-21,26.67%,30.95%,42.38%,39.18%,,
12-9-21,29.72%,39.76%,30.52%,38.16%,,
12-16-21,25.24%,35.44%,39.32%,35.45%,,
12-23-21,29.57%,36.56%,33.87%,34.17%,,
12-30-21,37.66%,31.80%,30.54%,33.69%,,
1-6-22,32.76%,33.91%,33.33%,31.78%,,
1-13-22,24.91%,36.80%,38.29%,30.04%,,
1-20-22,20.96%,32.31%,46.72%,28.44%,,
1-27-22,23.14%,23.92%,52.94%,27.99%,,
2-3-22,26.49%,29.85%,43.66%,27.59%,,
2-10-22,24.36%,40.17%,35.47%,27.48%,,
2-17-22,19.25%,37.56%,43.19%,26.19%,,
2-24-22,23.39%,22.94%,53.67%,24.41%,,
3-3-22,30.39%,28.18%,41.44%,24.11%,,
3-10-22,24.00%,30.22%,45.78%,24.00%,,
3-17-22,22.47%,27.75%,49.78%,24.19%,,
3-24-22,32.80%,31.75%,35.45%,25.39%,,
3-31-22,31.88%,40.58%,27.54%,26.07%,,
4-7-22,24.71%,33.91%,41.38%,26.11%,,
4-14-22,15.84%,35.75%,48.42%,25.69%,,
4-21-22,18.87%,37.26%,43.87%,25.12%,,
4-28-22,16.44%,24.20%,59.36%,23.38%,,
5-5-22,26.87%,20.26%,52.86%,23.74%,,
5-12-22,24.32%,26.64%,49.03%,23.97%,,
5-19-22,25.97%,23.64%,50.39%,23.11%,,
5-26-22,19.85%,26.65%,53.50%,21.61%,,
6-2-22,32.02%,30.92%,37.06%,22.52%,,
6-9-22,21.02%,32.10%,46.88%,23.17%,,
6-16-22,19.44%,22.22%,58.33%,23.24%,,
6-23-22,18.20%,22.46%,59.34%,23.46%,,
6-30-22,22.78%,30.52%,46.70%,22.95%,,
7-7-22,19.38%,27.81%,52.81%,22.33%,,
7-14-22,26.89%,26.59%,46.53%,22.45%,,
7-21-22,29.59%,28.22%,42.19%,23.67%,,
7-28-22,27.72%,32.18%,40.10%,23.13%,,
8-4-22,30.56%,30.56%,38.89%,24.32%,,
8-11-22,32.15%,31.19%,36.66%,25.91%,,
8-18-22,33.33%,29.51%,37.15%,27.80%,,
8-25-22,27.70%,29.92%,42.38%,28.42%,,
9-1-22,21.92%,27.67%,50.41%,28.73%,,
9-8-22,18.07%,28.66%,53.27%,27.63%,,
9-15-22,26.13%,27.87%,45.99%,27.20%,,
9-22-22,17.73%,21.40%,60.87%,25.95%,,
9-29-22,19.95%,19.24%,60.81%,24.62%,,
10-6-22,23.92%,21.33%,54.76%,23.59%,,
10-13-22,20.36%,23.71%,55.93%,21.97%,,
10-20-22,22.60%,21.19%,56.21%,21.33%,,
10-27-22,26.59%,27.75%,45.66%,21.92%,,
11-3-22,30.56%,36.54%,32.89%,23.48%,,
11-10-22,25.09%,27.87%,47.04%,23.35%,,
11-17-22,33.45%,26.33%,40.21%,25.32%,,
11-24-22,28.86%,30.90%,40.23%,26.43%,,
12-1-22,24.47%,35.11%,40.43%,26.50%,,
12-8-22,24.73%,33.45%,41.82%,27.04%,,
12-15-22,24.30%,31.08%,44.62%,27.26%,,
12-22-22,20.31%,27.38%,52.31%,26.47%,,
12-29-22,26.49%,25.89%,47.62%,25.96%,,
1-5-23,20.51%,37.50%,41.99%,25.39%,,
1-12-23,24.03%,36.04%,39.93%,24.21%,,
1-19-23,30.97%,35.96%,33.07%,24.48%,,
1-26-23,28.37%,34.96%,36.68%,24.96%,,
2-2-23,29.90%,35.55%,34.55%,25.61%,,
2-9-23,37.50%,37.50%,25.00%,27.26%,,
2-16-23,34.12%,37.06%,28.82%,28.99%,,
2-23-23,21.65%,39.76%,38.59%,28.38%,,
3-2-23,23.38%,31.82%,44.81%,28.74%,,
3-9-23,24.83%,33.45%,41.72%,28.84%,,
3-16-23,19.22%,32.38%,48.40%,27.37%,,
3-23-23,20.95%,30.17%,48.88%,26.44%,,
3-30-23,22.51%,31.87%,45.61%,25.52%,,
4-6-23,33.33%,31.65%,35.02%,25.00%,,
4-13-23,26.05%,39.46%,34.48%,23.99%,,
4-20-23,27.22%,37.66%,35.13%,24.68%,,
4-27-23,24.14%,37.36%,38.51%,24.78%,,
5-4-23,24.08%,31.02%,44.90%,24.69%,,
5-11-23,29.39%,29.39%,41.22%,25.96%,,
5-18-23,22.90%,37.37%,39.73%,26.20%,,
5-25-23,27.38%,32.92%,39.69%,26.81%,,
6-1-23,29.05%,34.12%,36.82%,26.28%,,
6-8-23,44.55%,31.15%,24.30%,28.59%,,
6-15-23,45.18%,32.12%,22.70%,30.83%,,
6-22-23,42.86%,29.39%,27.76%,33.17%,,
6-29-23,41.93%,30.60%,27.47%,35.40%,,
7-6-23,46.39%,29.12%,24.48%,37.53%,,
7-13-23,41.00%,33.14%,25.87%,39.79%,,
7-20-23,51.36%,27.15%,21.49%,42.79%,,
7-27-23,44.91%,30.98%,24.12%,44.77%,,
8-3-23,48.98%,29.70%,21.32%,45.33%,,
8-10-23,44.70%,29.80%,25.50%,45.27%,,
8-17-23,35.89%,33.97%,30.14%,44.39%,,
8-24-23,32.27%,31.81%,35.93%,43.19%,,
8-31-23,33.09%,32.37%,34.53%,41.52%,,
9-7-23,42.19%,28.22%,29.59%,41.67%,,
9-14-23,34.42%,36.36%,29.22%,39.56%,,
9-21-23,31.30%,34.10%,34.61%,37.85%,,
9-28-23,27.79%,31.27%,40.94%,35.21%,,
10-5-23,30.10%,28.32%,41.58%,33.38%,,
10-12-23,40.00%,23.51%,36.49%,33.89%,,
10-19-23,34.07%,31.32%,34.62%,34.12%,,
10-26-23,29.28%,27.54%,43.18%,33.64%,,
11-2-23,24.31%,25.41%,50.28%,31.41%,,
11-9-23,42.60%,30.18%,27.22%,32.43%,,
11-16-23,43.78%,28.11%,28.11%,33.99%,,
11-23-23,45.30%,31.05%,23.65%,36.18%,,
11-30-23,48.76%,31.68%,19.57%,38.51%,,
12-7-23,47.31%,25.27%,27.42%,39.43%,,
12-14-23,51.30%,29.39%,19.31%,41.58%,,
12-21-23,52.92%,26.18%,20.89%,44.54%,,
12-28-23,46.33%,28.61%,25.06%,47.29%,,
1-4-24,48.56%,27.94%,23.50%,48.03%,,
1-11-24,48.59%,27.25%,24.16%,48.63%,,
1-18-24,40.38%,32.86%,26.76%,48.02%,,
1-25-24,39.27%,34.63%,26.10%,46.83%,,
2-1-24,49.07%,26.40%,24.53%,47.05%,,
2-8-24,49.03%,28.41%,22.56%,46.77%,,
2-15-24,42.17%,31.06%,26.77%,45.42%,,
2-22-24,44.28%,29.52%,26.20%,45.17%,,
2-29-24,46.50%,32.17%,21.34%,44.91%,,
3-7-24,51.74%,26.50%,21.77%,45.30%,,
3-14-24,45.90%,32.22%,21.88%,45.99%,,
3-21-24,43.20%,29.61%,27.19%,46.48%,,
3-28-24,50.00%,27.55%,22.45%,46.60%,,
4-4-24,47.29%,30.49%,22.22%,46.38%,,
4-11-24,43.44%,32.51%,24.04%,46.54%,,
4-18-24,38.27%,27.76%,33.96%,45.79%,,
4-25-24,32.13%,33.93%,33.93%,44.00%,,
5-2-24,38.49%,29.02%,32.49%,42.34%,,
5-9-24,40.82%,35.37%,23.81%,41.71%,,
5-16-24,40.86%,35.88%,23.26%,41.41%,,
5-23-24,47.04%,26.64%,26.32%,41.04%,,
5-30-24,39.04%,34.25%,26.71%,40.01%,,
6-6-24,38.97%,29.04%,31.99%,39.45%,,
6-13-24,44.59%,29.73%,25.68%,40.24%,,
6-20-24,44.37%,33.12%,22.51%,41.77%,,
6-27-24,44.49%,27.17%,28.35%,42.52%,,
7-4-24,41.74%,32.17%,26.09%,42.64%,,
7-11-24,49.18%,29.10%,21.72%,43.68%,,
7-18-24,52.75%,23.81%,23.44%,44.39%,,
7-25-24,43.17%,25.09%,31.73%,44.91%,,
8-1-24,44.88%,29.92%,25.20%,45.65%,,
8-8-24,40.54%,22.01%,37.45%,45.14%,,
8-15-24,42.54%,28.57%,28.89%,44.91%,,
8-22-24,51.61%,24.73%,23.66%,45.80%,,
8-29-24,51.16%,21.86%,26.98%,46.98%,,
9-5-24,45.33%,29.76%,24.91%,46.50%,,
9-12-24,39.80%,29.25%,30.95%,44.88%,,
9-19-24,50.83%,22.77%,26.40%,45.84%,,
9-26-24,49.62%,26.69%,23.68%,46.43%,,
10-3-24,45.45%,27.27%,27.27%,47.04%,,
10-10-24,49.01%,30.43%,20.55%,47.85%,,
10-17-24,45.45%,29.17%,25.38%,47.08%,,
10-24-24,37.70%,32.38%,29.92%,45.40%,,
10-31-24,39.49%,29.61%,30.90%,44.67%,,
11-7-24,41.54%,30.88%,27.57%,44.89%,,
11-14-24,49.84%,21.81%,28.35%,44.77%,,
11-21-24,41.29%,25.48%,33.23%,43.72%,,
11-28-24,37.05%,24.30%,38.65%,42.67%,,
12-5-24,48.33%,21.00%,30.67%,42.59%,,
12-12-24,43.33%,25.00%,31.67%,42.32%,,
12-19-24,40.71%,27.86%,31.43%,42.70%,,
12-26-24,37.80%,28.05%,34.15%,42.49%,,
1-2-25,35.44%,30.38%,34.18%,41.73%,,
1-9-25,34.67%,27.96%,37.37%,39.83%,,
1-16-25,25.43%,34.00%,40.57%,37.85%,,
1-23-25,43.43%,27.14%,29.43%,38.64%,,
1-30-25,40.96%,25.00%,34.04%,37.72%,,
2-6-25,33.33%,23.81%,42.86%,36.47%,,
2-13-25,28.42%,24.32%,47.27%,34.94%,,
2-20-25,29.19%,30.35%,40.46%,33.86%,,
2-27-25,19.38%,20.00%,60.62%,31.85%,,
3-6-25,19.33%,23.56%,57.11%,29.93%,,
3-13-25,19.11%,21.66%,59.24%,29.14%,,
3-20-25,21.58%,20.30%,58.12%,26.41%,,
3-27-25,27.42%,20.43%,52.15%,24.72%,,
4-3-25,21.76%,16.32%,61.92%,23.27%,,
4-10-25,28.52%,12.55%,58.94%,23.29%,,
4-17-25,25.44%,17.71%,56.86%,22.82%,,
4-24-25,21.94%,22.51%,55.56%,23.14%,,
5-1-25,20.94%,19.76%,59.29%,23.34%,,
5-8-25,29.45%,19.02%,51.53%,24.63%,,
5-15-25,35.93%,19.66%,44.41%,26.42%,,
5-22-25,37.70%,25.57%,36.72%,27.71%,,
5-29-25,32.89%,25.25%,41.86%,29.10%,,
6-5-25,32.66%,25.93%,41.41%,29.62%,,
6-12-25,36.67%,29.74%,33.59%,31.02%,,
6-19-25,33.21%,25.37%,41.42%,32.43%,,
6-26-25,35.07%,24.65%,40.28%,34.20%,,
7-3-25,45.02%,21.87%,33.12%,36.14%,,
7-10-25,41.38%,22.99%,35.63%,36.82%,,
7-17-25,39.27%,21.75%,38.98%,37.02%,,
,,,,,,
,,,,,,
,,,,,,
,,,,,,
,,,,,,
,,,,,,
,,,,,,
,,,,,,
,,,,,,
,,,,,,
,,,,,,
,,,,,,
,,,,,,
,,,,,,
,,,,,,
,,,,,,
,,,,,,
,,,,,,
,,,,,,
,,,,,,
,,,,,,
,,,,,,
,,,,,,
,,,,,,
,,,,,,
,,,,,,
,,,,,,
,,,,,,
,,,,,,
,,,,,,
,,,,,,
,,,,,,
,,,,,,
,,,,,,
,,,,,,
,,,,,,
,,,,,,
,,,,,,
,,,,,,
,,,,,,
,,,,,,
,,,,,,
,,,,,,
,,,,,,
,,,,,,
,,,,,,
,,,,,,
,,,,,,
,,,,,,
,,,,,,
,,,,,,
,,,,,,
,,,,,,
,,,,,,
,,,,,,
,,,,,,
,,,,,,
,,,,,,
,,,,,,
,,,,,,
,,,,,,
,,,,,,
,,,,,,
,,,,,,
,,,,,,
,,,,,,
,,,,,,
,,,,,,
,,,,,,
,,,,,,
,,,,,,
,,,,,,
,,,,,,
,,,,,,
,,,,,,
,,,,,,
,,,,,,
,,,,,,
,,,,,,
,,,,,,
,,,,,,
,,,,,,
,,,,,,
,,,,,,
,,,,,,
,,,,,,
,,,,,,
,,,,,,
,,,,,,
,,,,,,
,,,,,,
,,,,,,
,,,,,,
,,,,,,
,,,,,,
,,,,,,
,,,,,,
,,,,,,
,,,,,,
,,,,,,
,,,,,,
,,,,,,
,,,,,,
,,,,,,
,,,,,,
,,,,,,
,,,,,,
,,,,,,
,,,,,,
,,,,,,
,,,,,,
,,,,,,
,,,,,,
,,,,,,
,,,,,,
,,,,,,
,,,,,,
,,,,,,
,,,,,,
,,,,,,
,,,,,,
,,,,,,
,,,,,,
,,,,,,
,,,,,,
,,,,,,
,,,,,,
,,,,,,
,,,,,,
,,,,,,
,,,,,,
,,,,,,
,,,,,,
,,,,,,
,,,,,,
,,,,,,
,,,,,,
,,,,,,
,,,,,,
,,,,,,
,,,,,,
,,,,,,
,,,,,,
,,,,,,
,,,,,,
,,,,,,
,,,,,,
,,,,,,
,,,,,,
,,,,,,
,,,,,,
,,,,,,
,,,,,,
,,,,,,
,,,,,,
,,,,,,
,,,,,,
,,,,,,
,,,,,,
,,,,,,
,,,,,,
,,,,,,
,,,,,,
,,,,,,
,,,,,,
,,,,,,
,,,,,,
,,,,,,
,,,,,,
,,,,,,
,,,,,,
,,,,,,
,,,,,,
,,,,,,
,,,,,,
,,,,,,
,,,,,,
,,,,,,
,,,,,,
,,,,,,
,,,,,,
,,,,,,
,,,,,,
,,,,,,
,,,,,,
,,,,,,
,,,,,,
,,,,,,
,,,,,,
,,,,,,
,,,,,,
,,,,,,
,,,,,,
,,,,,,
,,,,,,
,,,,,,
,,,,,,
,,,,,,
,,,,,,
,,,,,,
,,,,,,
,,,,,,
,,,,,,
,,,,,,
,,,,,,
,,,,,,
,,,,,,
,,,,,,
,,,,,,
,,,,,,
,,,,,,
,,,,,,
,,,,,,
,,,,,,
,,,,,,
,,,,,,
,,,,,,
,,,,,,
,,,,,,
,,,,,,
,,,,,,
,,,,,,
,,,,,,
,,,,,,
,,,,,,
,,,,,,
,,,,,,
,,,,,,
,,,,,,
,,,,,,
,,,,,,
,,,,,,
,,,,,,
,,,,,,
,,,,,,
,,,,,,
,,,,,,
,,,,,,
,,,,,,
,,,,,,
,,,,,,
,,,,,,
,,,,,,
,,,,,,
,,,,,,
,,,,,,
,,,,,,
,,,,,,
,,,,,,
,,,,,,
,,,,,,
,,,,,,
,,,,,,
,,,,,,
,,,,,,
,,,,,,
,,,,,,
,,,,,,
,,,,,,
,,,,,,
,,,,,,
,,,,,,
,,,,,,
,,,,,,
,,,,,,
,,,,,,
,,,,,,
,,,,,,
,,,,,,
,,,,,,
,,,,,,
,,,,,,
,,,,,,
,,,,,,
,,,,,,
,,,,,,
,,,,,,
,,,,,,
,,,,,,
,,,,,,
,,,,,,
,,,,,,
,,,,,,
,,,,,,
,,,,,,
,,,,,,
,,,,,,
,,,,,,
,,,,,,
,,,,,,
,,,,,,
,,,,,,
,,,,,,
,,,,,,
,,,,,,
,,,,,,
,,,,,,
,,,,,,
,,,,,,
,,,,,,
,,,,,,
,,,,,,
,,,,,,
,,,,,,
,,,,,,
,,,,,,
,,,,,,
,,,,,,
,,,,,,
,,,,,,
,,,,,,
,,,,,,
,,,,,,
,,,,,,
,,,,,,
,,,,,,
,,,,,,
,,,,,,
,,,,,,
,,,,,,
,,,,,,
,,,,,,
,,,,,,
,,,,,,
,,,,,,
,,,,,,
,,,,,,
,,,,,,
,,,,,,
,,,,,,
,,,,,,
,,,,,,
,,,,,,
,,,,,,
,,,,,,
,,,,,,
,,,,,,
,,,,,,
,,,,,,
,,,,,,
,,,,,,
,,,,,,
,,,,,,
,,,,,,
,,,,,,
,,,,,,
,,,,,,
,,,,,,
,,,,,,
,,,,,,
,,,,,,
,,,,,,
,,,,,,
,,,,,,
,,,,,,
,,,,,,
,,,,,,
,,,,,,
,,,,,,
,,,,,,
,,,,,,
,,,,,,
,,,,,,
,,,,,,
,,,,,,
,,,,,,
,,,,,,
,,,,,,
,,,,,,
,,,,,,
,,,,,,
,,,,,,
,,,,,,
,,,,,,
,,,,,,
,,,,,,
,,,,,,
,,,,,,
,,,,,,
,,,,,,
,,,,,,
,,,,,,
,,,,,,
,,,,,,
,,,,,,
,,,,,,
,,,,,,
,,,,,,
,,,,,,
,,,,,,
,,,,,,
,,,,,,
,,,,,,
,,,,,,
,,,,,,
,,,,,,
,,,,,,
,,,,,,
,,,,,,
,,,,,,
,,,,,,
,,,,,,
,,,,,,
,,,,,,
,,,,,,
,,,,,,
,,,,,,
,,,,,,
,,,,,,
,,,,,,
,,,,,,
,,,,,,
,,,,,,
,,,,,,
,,,,,,
,,,,,,
,,,,,,
,,,,,,
,,,,,,
,,,,,,
,,,,,,
,,,,,,
,,,,,,
,,,,,,
,,,,,,
,,,,,,
,,,,,,
,,,,,,
,,,,,,
,,,,,,
,,,,,,
,,,,,,
,,,,,,
,,,,,,
,,,,,,
,,,,,,
,,,,,,
,,,,,,
,,,,,,
,,,,,,
,,,,,,
,,,,,,
,,,,,,
,,,,,,
,,,,,,
,,,,,,
,,,,,,
,,,,,,
,,,,,,
,,,,,,
,,,,,,
,,,,,,
,,,,,,
,,,,,,
,,,,,,
,,,,,,
,,,,,,
,,,,,,
,,,,,,
,,,,,,
,,,,,,
,,,,,,
,,,,,,
,,,,,,
,,,,,,
,,,,,,
,,,,,,
,,,,,,
,,,,,,
,,,,,,
,,,,,,
,,,,,,
,,,,,,
,,,,,,
,,,,,,
,,,,,,
,,,,,,
,,,,,,
,,,,,,
,,,,,,
,,,,,,
,,,,,,
,,,,,,
,,,,,,
,,,,,,
,,,,,,
,,,,,,
,,,,,,
,,,,,,
,,,,,,
,,,,,,
,,,,,,
,,,,,,
,,,,,,
,,,,,,
,,,,,,
,,,,,,
,,,,,,
,,,,,,
,,,,,,
,,,,,,
,,,,,,
,,,,,,
,,,,,,
,,,,,,
,,,,,,
,,,,,,
,,,,,,
,,,,,,
,,,,,,
,,,,,,
,,,,,,
,,,,,,
,,,,,,
,,,,,,
,,,,,,
,,,,,,
,,,,,,
,,,,,,
,,,,,,
,,,,,,
,,,,,,
,,,,,,
,,,,,,
,,,,,,
,,,,,,
,,,,,,
,,,,,,
,,,,,,
,,,,,,
,,,,,,
,,,,,,
,,,,,,
,,,,,,
,,,,,,
,,,,,,
,,,,,,
,,,,,,
,,,,,,
,,,,,,
,,,,,,
,,,,,,
,,,,,,
,,,,,,
,,,,,,
,,,,,,
,,,,,,
,,,,,,
,,,,,,
,,,,,,
,,,,,,
,,,,,,
,,,,,,
,,,,,,
,,,,,,
,,,,,,
,,,,,,
,,,,,,
,,,,,,
,,,,,,
,,,,,,
,,,,,,
,,,,,,
,,,,,,
,,,,,,
,,,,,,
,,,,,,
,,,,,,
,,,,,,
,,,,,,
,,,,,,
,,,,,,
,,,,,,
,,,,,,
,,,,,,
,,,,,,
,,,,,,
,,,,,,
,,,,,,
,,,,,,
,,,,,,
,,,,,,
,,,,,,
,,,,,,
,,,,,,
,,,,,,
,,,,,,
,,,,,,
,,,,,,
,,,,,,
,,,,,,
,,,,,,
,,,,,,
,,,,,,
,,,,,,
,,,,,,
,,,,,,
,,,,,,
,,,,,,
,,,,,,
,,,,,,
,,,,,,
,,,,,,
,,,,,,
,,,,,,
,,,,,,
,,,,,,
,,,,,,
,,,,,,
,,,,,,
,,,,,,
,,,,,,
,,,,,,
,,,,,,
,,,,,,
,,,,,,
,,,,,,
,,,,,,
,,,,,,
,,,,,,
,,,,,,
,,,,,,
,,,,,,
,,,,,,
,,,,,,
,,,,,,
,,,,,,
,,,,,,
,,,,,,
,,,,,,
,,,,,,
,,,,,,
,,,,,,
,,,,,,
,,,,,,
,,,,,,
,,,,,,
,,,,,,
,,,,,,
,,,,,,
,,,,,,
,,,,,,
,,,,,,
,,,,,,
,,,,,,
,,,,,,
,,,,,,
,,,,,,
,,,,,,
,,,,,,
,,,,,,
,,,,,,
,,,,,,
,,,,,,
,,,,,,
,,,,,,
,,,,,,
,,,,,,
,,,,,,
,,,,,,
,,,,,,
,,,,,,
,,,,,,
,,,,,,
,,,,,,
,,,,,,
,,,,,,
,,,,,,
,,,,,,
,,,,,,
,,,,,,
,,,,,,
,,,,,,
,,,,,,
,,,,,,
,,,,,,
,,,,,,
,,,,,,
,,,,,,
,,,,,,
,,,,,,
,,,,,,
,,,,,,
,,,,,,
,,,,,,
,,,,,,
,,,,,,
,,,,,,
,,,,,,
,,,,,,
,,,,,,
,,,,,,
,,,,,,
,,,,,,
,,,,,,
,,,,,,
,,,,,,
,,,,,,
,,,,,,
,,,,,,
,,,,,,
,,,,,,
,,,,,,
,,,,,,
,,,,,,
,,,,,,
,,,,,,
,,,,,,
,,,,,,
,,,,,,
,,,,,,
,,,,,,
,,,,,,
,,,,,,
,,,,,,
,,,,,,
,,,,,,
,,,,,,
,,,,,,
,,,,,,
,,,,,,
,,,,,,
,,,,,,
,,,,,,
,,,,,,
,,,,,,
,,,,,,
,,,,,,
,,,,,,
,,,,,,
,,,,,,
,,,,,,
,,,,,,
,,,,,,
,,,,,,
,,,,,,