Date,SPY,XLK,XLV,XLF,XLY,XLI,XLC,XLP,XLE,XLU,XLB,XLRE
2022-07-21 00:00:00,398.79,139.14,130.37,32.94,155.65,90.74,58,72.72,71.74,68.49,75.6,41.94
2022-07-22 00:00:00,395.09,137.22,129.83,32.75,154.75,90.45,55.99,73.2,71.15,69.43,75.06,42.26
2022-07-25 00:00:00,395.57,136.35,130.51,32.96,153.42,90.88,55.8,73.56,73.76,70.3,75.37,42.29
2022-07-26 00:00:00,390.89,134.14,131.18,32.5,148.48,90.39,54.68,73.39,73.09,70.72,74.86,42.37
2022-07-27 00:00:00,401.04,139.91,132,33,154.1,91.79,56.99,73.89,74.74,70.78,75.76,42.6
2022-07-28 00:00:00,406.07,142.04,132.84,33.24,156.75,93.71,56.34,75.07,75.16,73.32,77.1,44.17
2022-07-29 00:00:00,411.99,144.22,132.4,33.71,162.83,95.64,56.37,74.49,78.42,73.95,78.13,44.34
2022-08-01 00:00:00,410.77,143.91,131.42,33.43,163.64,95.74,56.29,75.42,76.8,74.03,77.5,43.94
2022-08-02 00:00:00,408.06,142.89,130.95,33.06,162.52,94.73,56.2,74.82,76.62,73.88,76.71,43.36
2022-08-03 00:00:00,414.45,146.69,132.15,33.56,166.48,95.62,57.55,75.31,74.42,74.34,76.79,43.54
2022-08-04 00:00:00,414.17,147.36,131.5,33.45,167.16,95.97,57.8,74.81,71.66,74.5,76.84,43.58
2022-08-05 00:00:00,413.47,147.02,131.45,33.69,164.31,96.12,57.09,74.64,73.08,74.23,77.11,43.72
2022-08-08 00:00:00,412.99,145.77,131.76,33.67,165.05,96.09,57.42,74.6,73.46,74.34,77.54,44.04
2022-08-09 00:00:00,411.35,144.31,131.36,33.84,162.42,95.74,56.86,74.49,74.75,75.17,77.16,44.39
2022-08-10 00:00:00,419.99,148.25,132.79,34.6,167,97.84,58.46,75.04,75.29,75.5,79.35,44.99
2022-08-11 00:00:00,419.99,147.67,131.93,35.01,166.15,98.36,58.52,74.86,77.88,75.49,79.62,44.78
2022-08-12 00:00:00,427.1,150.61,133.62,35.56,169.91,99.84,59.56,75.51,78.47,76.72,81.12,45.54
2022-08-15 00:00:00,428.86,151.56,134.29,35.55,171.08,100.08,59.77,76.26,76.94,77.36,81.07,45.74
2022-08-16 00:00:00,429.7,151.15,133.93,35.81,172.97,100.53,59.89,77.12,76.76,77.58,81.52,45.56
2022-08-17 00:00:00,426.65,150.07,133.15,35.63,171.11,99.73,58.73,76.9,77.4,77.45,80.4,45.43
2022-08-18 00:00:00,427.89,150.85,132.56,35.67,171.06,100.13,58.64,77.16,79.48,77.74,80.65,45.12
2022-08-19 00:00:00,422.14,148.11,132.92,34.96,167.53,98.84,57.69,76.91,79.46,77.7,79.17,44.68
2022-08-22 00:00:00,413.35,143.98,131.18,34.19,162.88,96.96,56.04,76.13,79.31,76.64,77.91,43.75
2022-08-23 00:00:00,412.35,143.6,129.35,34.05,163.34,97.14,55.56,75.8,82.17,76.18,78.68,43.09
2022-08-24 00:00:00,413.67,143.69,129.51,34.23,164.04,97.46,55.89,75.99,83.18,76.42,78.85,43.43
2022-08-25 00:00:00,419.51,146.12,130.94,34.76,166,98.95,56.98,76.34,83.82,76.89,80.64,44.1
2022-08-26 00:00:00,405.31,139.88,127.29,33.72,159.68,95.52,55.16,74.45,82.84,75.71,78.17,42.98
2022-08-29 00:00:00,402.63,138.03,126.4,33.48,158.83,95.09,54.73,74.33,84.09,75.94,77.62,42.61
2022-08-30 00:00:00,398.21,136.59,125.56,33.3,157.06,93.72,54.25,73.56,81.24,74.83,76.35,42
2022-08-31 00:00:00,395.18,135.26,124.76,33.05,155.51,92.93,54.38,73.11,80.5,74.34,75.41,41.85
2022-09-01 00:00:00,396.42,134.6,126.81,33.15,156.93,93.06,54.88,73.52,78.52,75.41,74.42,42
2022-09-02 00:00:00,392.24,132.85,124.99,32.89,155.49,92.16,53.84,72.56,79.96,74.6,74.35,41.28
2022-09-06 00:00:00,390.76,131.97,125.11,32.81,155.17,92.31,53.17,72.15,79.22,74.79,74.12,41.71
2022-09-07 00:00:00,397.78,134.08,127.15,33.46,159.93,93.79,54.24,73.45,78.3,77.13,76.17,42.51
2022-09-08 00:00:00,400.38,134.54,129.36,34.05,161.42,94.07,54.11,73.26,78.64,77.07,76.91,42.63
2022-09-09 00:00:00,406.6,137.2,130.5,34.36,164.48,95.29,55.62,73.98,80.6,77.38,78.07,43.04
2022-09-12 00:00:00,410.97,139.4,131.37,34.64,166.6,95.86,55.91,74.27,82.08,78.12,78.8,43.4
2022-09-13 00:00:00,393.1,132,127.03,33.35,158.01,92.25,52.84,71.79,80.01,76.04,75.99,41.75
2022-09-14 00:00:00,394.6,132.48,127.1,33.25,160.04,92.07,52.93,71.76,82.27,76.66,75.06,41.24
2022-09-15 00:00:00,390.12,129.43,127.81,33.36,159.22,91.11,52.7,71.16,80.15,74.75,74.07,40.34
2022-09-16 00:00:00,385.56,128.71,127.45,33.06,157.94,89.21,52.14,71.33,78.44,74.47,72.9,40.35
2022-09-19 00:00:00,388.55,129.44,126.26,33.26,159.84,89.99,52.33,71.34,77.64,74.96,73.69,39.91
2022-09-20 00:00:00,384.09,128.68,124.78,32.77,157.13,88.87,51.52,70.95,77.1,73.87,72.29,38.86
2022-09-21 00:00:00,377.39,126.67,122.71,32.09,153.41,87.69,50.26,70.68,75.97,72.86,70.71,38.29
2022-09-22 00:00:00,374.22,125.38,123.36,31.55,149.87,86.37,50.08,70.58,75.7,72.6,69.86,37.93
2022-09-23 00:00:00,367.95,123.74,122.73,31.05,146.42,84.75,49.11,69.38,70.48,71.76,68.43,37.46
2022-09-26 00:00:00,364.31,122.88,121.56,30.56,146.09,83.86,48.31,69.43,68.75,70.03,67.32,36.45
2022-09-27 00:00:00,363.38,123.04,121.19,30.43,146.55,83.58,48.05,68.23,69.52,68.85,67.47,35.97
2022-09-28 00:00:00,370.53,124.34,123.84,31.03,150.51,85.42,49.69,69.05,72.6,69.59,69.21,36.65
2022-09-29 00:00:00,362.79,121.1,122.8,30.64,145.31,83.94,48.48,67.91,72.6,66.8,68.19,35.63
2022-09-30 00:00:00,357.18,118.78,121.11,30.36,142.45,82.84,47.89,66.73,72.02,65.51,68.01,36.01
2022-10-03 00:00:00,366.61,122.46,123.6,31.18,142.59,85.34,49.23,67.88,76.09,67.43,70.22,36.68
2022-10-04 00:00:00,377.97,126.57,126.47,32.34,147.57,88.31,50.74,68.91,79.36,68.86,72.8,37.26
2022-10-05 00:00:00,377.09,126.99,126.89,32.09,146.7,87.83,50.35,68.51,81,67.33,71.98,36.57
2022-10-06 00:00:00,373.2,125.95,125.27,31.64,145.66,86.82,50.08,67.51,82.44,65.11,71.22,35.37
2022-10-07 00:00:00,362.79,120.77,122.62,30.89,140.65,85.16,48.73,66.5,81.8,63.76,69.46,34.53
2022-10-10 00:00:00,360.02,118.74,121.85,30.75,139.78,85.46,48.6,66.74,80.12,63.87,69.61,34.14
2022-10-11 00:00:00,357.74,116.92,122.5,30.36,138.64,85.44,47.69,67.29,79.48,63.64,69.07,34.46
2022-10-12 00:00:00,356.56,116.56,121.9,30.29,139,84.77,47.63,67.65,80.12,61.52,68.55,34
2022-10-13 00:00:00,365.97,120.18,124.74,31.54,140.52,86.64,48.78,68.77,83.39,63.06,70.56,34.64
2022-10-14 00:00:00,357.63,116.8,123.9,31.01,135.27,84.74,47.98,67.53,80.28,62.15,68.18,33.77
2022-10-17 00:00:00,366.82,120.36,125.89,31.79,140.76,86.59,49.3,68.26,81.28,63.45,69.88,35.03
2022-10-18 00:00:00,371.13,121.38,126.59,32.3,142.7,88.68,49.67,69.15,81.99,64.61,71.25,35.49
2022-10-19 00:00:00,368.5,121.03,124.82,31.77,141.1,88.05,49.71,68.83,84.41,63.77,70.41,34.6
2022-10-20 00:00:00,365.41,121.1,123.76,31.26,138.37,86.32,49.83,67.87,84.49,62.16,69.9,34.43
2022-10-21 00:00:00,374.29,124.34,126.54,32.19,142.4,88.69,50.15,68.91,86.93,63.31,72.32,34.67
2022-10-24 00:00:00,378.87,126.06,128.98,32.62,142.99,89.87,50.5,70.15,87.34,63.84,71.9,34.65
2022-10-25 00:00:00,384.92,128.47,129.96,33.01,146.57,91.08,51.84,71.07,87.43,65.12,73.68,36.02
2022-10-26 00:00:00,382.02,125.61,131.4,33.09,145.39,91.4,50.2,71.54,88.62,65.09,74.2,35.95
2022-10-27 00:00:00,379.98,124.18,130.71,33.36,144.83,92.47,47.82,71.6,88.94,65.61,74.01,35.97
2022-10-28 00:00:00,389.02,129.58,132.86,34.19,144.96,94.62,49.03,73.17,89.25,67.41,74.75,36.82
2022-10-31 00:00:00,386.21,127.87,132.75,33.98,144.03,94.35,48.21,72.74,90,66.78,74.08,36.73
2022-11-01 00:00:00,384.52,126.8,132.83,34.07,142.57,94.26,47.9,72.51,90.87,67.04,74.27,36.67
2022-11-02 00:00:00,374.87,122.42,130.57,33.64,137.18,92.6,46.55,71.25,88.68,66.39,72.34,35.71
2022-11-03 00:00:00,371.01,118.82,130.02,33.3,136.36,93.57,45.41,71.01,90.32,66.68,72.89,35.69
2022-11-04 00:00:00,376.35,120.99,130.81,33.91,137.5,95.07,45.72,71.85,91.42,67.09,75.42,36.19
2022-11-07 00:00:00,379.95,123.01,132.21,34.25,136.54,96.09,46.54,72.49,92.99,65.81,76.01,36.18
2022-11-08 00:00:00,382,124.19,132.87,34.45,136.2,96.93,46.59,72.7,93.08,66.27,77.32,36.4
2022-11-09 00:00:00,374.13,120.96,131.44,33.87,132.04,95.58,45.96,71.91,88.53,65.75,76.07,36
2022-11-10 00:00:00,394.69,130.9,134.78,35.58,141.69,99.59,48.74,73.6,90.5,68.85,80.28,38.76
2022-11-11 00:00:00,398.51,133.14,133.13,35.87,145.09,99.53,50.02,73.52,93.13,68.08,81.25,38.74
2022-11-14 00:00:00,395.12,132,133.25,35.36,142.79,98.92,49.82,72.94,93.1,67.27,81.14,37.71
2022-11-15 00:00:00,398.49,133.6,133.08,35.44,144.74,99.6,50.56,73.55,94.08,68.01,81.02,38.18
2022-11-16 00:00:00,395.45,131.77,133.02,35.27,142.53,98.88,50.06,73.91,92.16,68.62,80.23,37.91
2022-11-17 00:00:00,394.24,131.94,132.96,35.08,140.8,98.71,49.68,73.89,92.36,67.42,79.46,37.57
2022-11-18 00:00:00,396.03,132.09,134.57,35.37,140.99,99.44,49.53,74.68,91.63,68.85,79.99,38.05
2022-11-21 00:00:00,394.59,130.67,134.63,35.48,138.95,99.76,49.12,75.39,90.39,69.16,80.26,38.32
2022-11-22 00:00:00,399.9,133.2,135.8,35.84,140.52,100.53,49.85,75.94,93.22,69.75,82.08,38.51
2022-11-23 00:00:00,402.42,134.38,136.34,35.99,142.55,100.91,50.48,76.2,92.21,70.53,82.4,38.57
2022-11-25 00:00:00,402.33,133.6,137.15,36.11,142.63,101.3,50.2,76.25,91.87,70.94,82.37,38.8
2022-11-28 00:00:00,395.91,130.74,136.12,35.49,141.75,99.46,49.4,75.96,89.35,70.21,80.53,37.71
2022-11-29 00:00:00,395.23,129.46,135.78,35.7,141.3,100.07,49.42,75.67,90.7,69.69,80.8,38.34
2022-11-30 00:00:00,407.68,135.96,139.02,36.31,146.17,101.72,51.51,77.19,91.15,71.43,82.75,39.24
2022-12-01 00:00:00,407.38,136.15,139.42,36.1,146.15,101.75,51.81,76.84,90.85,71.37,82.85,39.16
2022-12-02 00:00:00,406.91,135.36,139.78,35.93,145.96,102.33,51.94,77.19,90.31,71.03,83.76,38.97
2022-12-05 00:00:00,399.59,133.11,138.44,35.04,141.75,100.62,51.12,76.22,87.63,70.63,82.1,38.31
2022-12-06 00:00:00,393.83,130.26,137.39,34.73,139.54,99.43,49.65,75.75,85.32,71.07,81.37,38.02
2022-12-07 00:00:00,393.16,129.6,138.52,34.59,138.7,99.3,49.4,76.07,85.12,70.74,81.19,38.1
2022-12-08 00:00:00,396.24,131.72,139.77,34.62,140.04,99.89,49.3,76.48,84.74,71.2,81.79,38.38
2022-12-09 00:00:00,393.28,130.91,137.98,34.53,139.43,99.07,49.44,75.89,82.68,70.83,80.98,38.3
2022-12-12 00:00:00,398.95,133.77,139.45,34.99,139.78,100.77,49.83,76.69,84.85,72.45,81.68,38.62
2022-12-13 00:00:00,401.97,135.35,139.88,35.08,139.78,101.15,50.67,76.58,86.46,72.67,82.81,39.47
2022-12-14 00:00:00,399.4,134.21,140.1,34.64,138.74,100.96,50.01,76.53,85.93,72.58,81.92,39.09
2022-12-15 00:00:00,389.63,129.19,137.53,33.96,136.46,98.52,48.06,75.23,85.41,71.7,79.42,38.64
2022-12-16 00:00:00,383.27,127.48,135.53,33.7,133.91,98.1,48.05,74.86,84.36,70.48,79.08,37.5
2022-12-19 00:00:00,380.02,125.42,134.47,33.4,131.4,97.12,46.81,74.28,83.49,69.63,77.55,36.64
2022-12-20 00:00:00,380.54,125.61,134.44,33.54,129.87,97.24,47.13,74.22,84.75,69.65,78.06,36.56
2022-12-21 00:00:00,386.23,127.69,136.21,34.06,131.94,99.07,47.75,74.96,86.36,70.62,78.74,36.93
2022-12-22 00:00:00,380.72,124.47,136.02,33.76,128.55,97.81,47.34,74.79,84.37,70.19,77.98,36.75
2022-12-23 00:00:00,382.91,124.6,136.1,33.95,129.43,98.39,47.8,75.18,87.06,70.91,78.52,37.08
2022-12-27 00:00:00,381.4,123.42,135.75,33.94,127.33,98.69,47.37,75.54,87.99,71.35,78.59,37.05
2022-12-28 00:00:00,376.66,121.43,134.87,33.82,126.26,97.4,46.68,74.6,86.02,70.67,77.39,36.46
2022-12-29 00:00:00,383.44,124.61,136.34,34.29,129.51,98.6,47.97,74.92,86.92,71.18,78.23,37.27
2022-12-30 00:00:00,382.43,124.44,135.85,34.2,129.16,98.21,47.99,74.55,87.47,70.5,77.68,36.93
2023-01-03 00:00:00,380.82,123.26,135.46,34.32,128.39,98.42,48.61,74.27,84.4,70.5,77.6,37.07
2023-01-04 00:00:00,383.76,123.58,135.82,34.87,130.25,99.29,49.52,74.56,84.39,71.14,78.95,37.92
2023-01-05 00:00:00,379.38,121.18,134.43,34.61,129.04,98.22,49.59,73.81,85.93,69.6,77.7,36.81
2023-01-06 00:00:00,388.08,124.73,135.67,35.38,132.07,100.91,50.4,75.78,87.56,71,80.37,37.88
2023-01-09 00:00:00,387.86,126.18,133.4,35.25,132.87,100.46,50.48,75.04,87.25,71.48,80.88,37.86
2023-01-10 00:00:00,390.58,126.96,134.52,35.45,134.54,101.01,51.24,74.94,87.87,71.5,81.69,37.97
2023-01-11 00:00:00,395.52,129.16,135.28,35.78,138.17,101.98,51.61,74.98,88.14,72.08,82.97,39.35
2023-01-12 00:00:00,396.96,130.12,134.85,35.85,138.4,102.58,52.18,74.39,89.82,71.59,83.28,39.79
2023-01-13 00:00:00,398.5,130.49,135.45,36.12,139.7,102.46,52.35,74.74,89.95,71.33,83.79,39.56
2023-01-17 00:00:00,397.77,131.08,134.82,35.88,139.8,101.59,51.86,74.79,90.14,71.23,82.95,39.57
2023-01-18 00:00:00,391.49,129.39,132.92,35.21,137.98,99.68,51.23,72.75,88.49,69.52,81.78,38.96
2023-01-19 00:00:00,388.64,127.88,133.24,34.8,135.69,97.63,51.49,72.06,89.59,68.82,81.15,38.77
2023-01-20 00:00:00,395.88,131.34,133.91,35.35,138.98,98.99,53.1,72.62,90.48,69.23,82.78,39.22
2023-01-23 00:00:00,400.63,134.33,134.37,35.76,141.15,100.07,54.03,72.85,90.6,69.25,83.05,39.33
2023-01-24 00:00:00,400.2,134.27,133.48,35.78,140.99,100.73,53.88,73.15,90.25,69.6,83.1,39.5
2023-01-25 00:00:00,400.35,133.99,133.52,36.06,141.71,100.17,54.07,73.33,90.26,68.66,83.27,39.54
2023-01-26 00:00:00,404.75,136.13,133.77,36.25,144.61,100.72,54.91,73.07,93.11,68.89,83.67,39.99
2023-01-27 00:00:00,405.68,136.7,132.86,36.25,147.89,101.14,55.29,72.86,91.23,68.89,83.4,40.35
2023-01-30 00:00:00,400.59,134.09,131.66,36.07,145.37,100.15,54.42,72.95,89.14,68.58,82.83,39.86
2023-01-31 00:00:00,406.48,135.96,133.36,36.56,148.7,101.85,55.08,73.74,89.93,69.09,84.65,40.59
2023-02-01 00:00:00,410.8,139.16,133.99,36.56,151.52,102.59,55.73,74.33,88.16,69.21,85.21,40.89
2023-02-02 00:00:00,416.78,142.96,133.08,36.66,156.16,103.39,59.39,73.69,86.15,69.36,84.94,41.83
2023-02-03 00:00:00,412.35,141.77,132.69,36.59,151.35,102.85,58.2,73.4,85.96,67.91,83.41,40.96
2023-02-06 00:00:00,409.83,140.04,131.95,36.58,151.13,102.6,57.5,73.49,85.57,68.49,82.49,40.7
2023-02-07 00:00:00,415.19,143.54,132.8,37,151.48,102.92,58.57,73.18,88.35,68.46,83.6,40.54
2023-02-08 00:00:00,410.65,141.81,132.41,36.78,150.19,102.34,56.73,72.62,87.56,67.31,82.93,40.43
2023-02-09 00:00:00,407.09,141.03,131.25,36.37,149.91,101.42,55.49,72.3,86.81,66.39,81.73,40.04
2023-02-10 00:00:00,408.04,140.38,132.49,36.49,148.15,102.14,54.96,72.97,90.21,67.71,82.03,40.12
2023-02-13 00:00:00,412.83,142.81,133.59,36.91,150.32,103.07,55.74,73.8,89.98,68.12,82.46,40.49
2023-02-14 00:00:00,412.64,143.42,132.8,36.71,152.12,102.79,55.76,73.13,90.01,67.83,82.65,40.07
2023-02-15 00:00:00,413.98,144.09,132.14,36.75,153.9,103.43,56.27,73.27,88.48,68.27,83.01,40.18
2023-02-16 00:00:00,408.28,141.59,130.82,36.38,150.54,102.36,55.41,72.74,87.61,67.75,82.07,39.81
2023-02-17 00:00:00,407.26,139.82,131.99,36.39,150.57,103.03,55.35,73.68,84.49,68.48,81.3,39.61
2023-02-21 00:00:00,399.09,136.5,130.28,35.64,145.54,100.67,54.13,73.4,84.07,67.2,79.96,38.83
2023-02-22 00:00:00,398.54,136.3,129.84,35.6,146.28,100.42,54.24,73.29,83.51,66.94,80.56,38.48
2023-02-23 00:00:00,400.66,138.56,130.19,35.63,146.16,100.89,53.99,73.2,84.77,66.59,80.65,38.85
2023-02-24 00:00:00,396.38,136.09,128.51,35.66,143.86,100.31,53.24,72.71,84.66,66.61,81.19,38.13
2023-02-27 00:00:00,397.73,136.82,128.12,35.65,145.64,101.2,53.41,72.63,84.91,66.16,81.46,38.19
2023-02-28 00:00:00,396.26,136.52,127.17,35.72,145.54,100.97,53.5,72.03,83.69,65,81.83,38.21
2023-03-01 00:00:00,394.74,135.52,126.96,35.6,143.71,101.37,53.09,71.5,85.34,63.93,82.47,37.62
2023-03-02 00:00:00,397.81,137.19,127.74,35.43,143.23,102.56,53.59,72.48,86.09,65.14,83.41,38.11
2023-03-03 00:00:00,404.19,140.14,129.17,35.99,146.31,103.67,54.76,72.54,87.26,66.25,84.6,38.75
2023-03-06 00:00:00,404.47,140.81,129.11,36.02,145.24,103.48,54.76,72.73,87.3,66.57,83.23,38.6
2023-03-07 00:00:00,398.27,139.06,127.03,35.09,143.26,102.15,54.2,72.01,85.78,65.48,81.59,37.63
2023-03-08 00:00:00,398.92,140.21,126.35,34.96,143,102.39,54.23,72.13,84.9,65.98,81.99,38.16
2023-03-09 00:00:00,391.56,138.2,125.07,33.54,139.59,100.88,53.01,71.46,83.7,65.45,79.88,37.29
2023-03-10 00:00:00,385.91,135.77,124.15,32.93,138.2,99,52.26,71.11,82.63,64.42,78.18,36.1
2023-03-13 00:00:00,385.36,136.51,125.31,31.63,138.49,98.44,52.26,71.47,80.95,65.41,77.38,36.68
2023-03-14 00:00:00,391.73,139.66,126.43,32.27,140.84,99.48,53.74,72.12,81.75,66.27,78.37,37.06
2023-03-15 00:00:00,389.28,139.74,126.32,31.41,140.63,97.03,54.32,72.59,77.36,67.17,75.83,37.08
2023-03-16 00:00:00,396.11,143.66,127.5,32.01,143.17,98.28,55.54,72.64,78.2,67.62,76.7,37.08
2023-03-17 00:00:00,389.99,143.46,125.86,30.98,141.34,96.67,55.01,72.11,76.97,66.97,75.51,36.23
2023-03-20 00:00:00,393.74,143.53,126.96,31.17,141.52,97.55,55.27,72.76,77.7,67,76.73,36.36
2023-03-21 00:00:00,398.91,144.69,127.73,31.96,145.43,98.68,56.45,72.7,80.39,65.65,77.66,36.15
2023-03-22 00:00:00,392.11,143.25,125.8,31.22,142.19,96.79,55.46,72.03,78.68,64.36,76.28,34.83
2023-03-23 00:00:00,393.17,145.58,125.56,31.01,142.04,96.51,56.36,71.75,77.59,63.7,76.19,34.62
2023-03-24 00:00:00,395.75,145.96,127.3,30.99,141.58,96.91,56.65,72.97,77.89,65.69,76.81,35.51
2023-03-27 00:00:00,396.49,144.83,127.82,31.42,141.87,97.72,56.33,73.36,79.55,65.77,77.38,35.39
2023-03-28 00:00:00,395.6,144.15,127.05,31.41,141.7,98.22,55.87,73.49,80.78,65.95,77.75,35.27
2023-03-29 00:00:00,401.35,147.17,127.4,31.87,144.39,99.65,56.61,73.9,81.9,66.91,78.83,36.11
2023-03-30 00:00:00,403.7,148.88,128.09,31.8,145.65,99.86,56.88,74.11,82.26,67.2,79.37,36.58
2023-03-31 00:00:00,409.39,151.01,129.46,32.15,149.54,101.18,57.97,74.71,82.83,67.69,80.66,37.38
2023-04-03 00:00:00,410.95,150.77,130.91,32.21,148.17,101.36,58.21,75.1,86.58,67.23,81.17,37.03
2023-04-04 00:00:00,408.67,149.94,130.93,31.91,147.93,99.09,58.39,74.95,85.01,67.57,80,37.04
2023-04-05 00:00:00,407.6,148.23,133.19,31.87,144.9,97.8,58.2,75.3,86.29,69.32,79.82,36.85
2023-04-06 00:00:00,409.19,149.07,133.52,31.99,144.93,97.77,58.93,75.36,84.98,69.81,79.63,37.1
2023-04-10 00:00:00,409.61,148.99,133.43,32.06,145.57,98.66,58.8,75.36,85.66,69.67,80.01,37.29
2023-04-11 00:00:00,409.72,147.59,133.88,32.34,145.8,99.25,58.65,75.58,86.47,69.73,80.63,37.47
2023-04-12 00:00:00,408.05,146.75,133.92,32.27,143.54,99.58,58.04,75.24,86.53,69.66,80.69,37.36
2023-04-13 00:00:00,413.47,149.48,135.66,32.56,146.71,99.95,59.25,75.66,87.07,69.67,81.52,37.24
2023-04-14 00:00:00,412.46,148.65,134.57,32.88,146.9,99.83,59.23,75.18,87.23,68.89,80.93,36.6
2023-04-17 00:00:00,413.94,149.19,134.46,33.26,147.94,100.62,58.89,75.66,86.2,69.27,81.4,37.43
2023-04-18 00:00:00,414.21,149.65,133.54,33.36,148.18,101.1,58.59,75.89,86.54,68.91,81.74,37.37
2023-04-19 00:00:00,414.14,149.22,133.95,33.44,148.04,101.02,58.15,75.84,86.24,69.44,81.51,37.59
2023-04-20 00:00:00,411.88,148.24,133.4,33.34,145.76,100.84,57.55,76.02,85.48,69.42,81.42,37.14
2023-04-21 00:00:00,412.2,147.76,134.3,33.22,147.37,100.61,57.69,76.57,84.98,69.62,80.7,37.18
2023-04-24 00:00:00,412.63,147.11,135.05,33.14,147.35,100.85,57.63,76.88,86.28,69.97,81.25,37.08
2023-04-25 00:00:00,406.08,143.97,133.61,32.57,144.43,98.99,56.73,76.78,84.66,69.9,79.49,36.74
2023-04-26 00:00:00,404.36,146.11,131.71,32.26,143.69,97.12,56.13,76.18,83.53,68.26,78.55,36.44
2023-04-27 00:00:00,412.41,149.21,132.4,32.78,147.48,99.04,59.39,77.03,83.83,69.08,79.62,37.32
2023-04-28 00:00:00,415.93,150.83,133.53,33.17,147.86,100,59.9,77.44,85.13,68.98,80.55,37.75
2023-05-01 00:00:00,415.51,150.92,134.22,33.08,146.4,100.54,59.89,77.5,84.17,69.1,80.51,37.4
2023-05-02 00:00:00,410.84,149.51,133.64,32.33,146.55,99.49,58.78,77.29,80.51,68.26,79.73,36.76
2023-05-03 00:00:00,408.02,148.25,133.46,31.96,145.39,99.11,58.55,76.66,78.99,68.07,78.85,36.53
2023-05-04 00:00:00,405.13,147.54,132.4,31.55,144.27,98.03,57.61,76.47,78.11,68.59,78.34,36.87
2023-05-05 00:00:00,412.63,151.24,133.59,32.33,147.19,99.51,58.33,77.18,80.23,69.03,79.66,37.44
2023-05-08 00:00:00,412.74,151.16,133.3,32.38,147.69,99.15,58.92,76.95,80.23,68.82,79.4,37.18
2023-05-09 00:00:00,410.93,150,132.41,32.26,147.65,99.37,58.55,76.71,80.26,68.73,78.68,37.06
2023-05-10 00:00:00,412.85,151.83,132.78,32.08,148.4,99.01,59.07,76.59,79.35,69.36,78.73,37.41
2023-05-11 00:00:00,412.13,151.15,132.37,32.03,149.09,98.41,59.66,76.82,78.4,68.65,77.96,37.02
2023-05-12 00:00:00,411.59,150.95,132.19,31.9,147.83,98.48,59.71,77.12,78.52,69.03,78.1,37.09
2023-05-15 00:00:00,413.01,152.2,131.96,32.16,148.02,98.96,59.99,76.93,78.92,68.16,78.76,37.02
2023-05-16 00:00:00,410.25,152.36,130.86,31.86,147.42,97.62,59.92,76.28,76.98,66.65,77.46,36.03
2023-05-17 00:00:00,415.23,154.39,131.02,32.5,150.49,99.3,60.65,76.24,78.46,66.41,77.97,36.5
2023-05-18 00:00:00,419.23,157.55,130.7,32.74,152.83,100.02,61.74,75.87,79.03,66.21,78.43,36.27
2023-05-19 00:00:00,418.62,157.48,131.31,32.6,151.55,99.78,61.41,75.92,79.64,66.11,78.63,36.21
2023-05-22 00:00:00,418.79,157.78,131.44,32.66,151.08,99.76,61.97,74.77,79.31,66.13,78.22,36.45
2023-05-23 00:00:00,414.09,155.45,130,32.28,149.7,98.56,61.2,74.22,80.16,65.9,77.01,36
2023-05-24 00:00:00,411.09,154.31,129.11,31.86,149.15,97.29,60.92,73.74,80.51,65.47,76.13,35.21
2023-05-25 00:00:00,414.65,160.23,127.79,31.85,148.48,97.61,60.92,73.18,79.08,64.59,75.86,35.29
2023-05-26 00:00:00,420.02,164.78,127.53,32.11,151.97,98.34,62.16,73.43,78.77,64.59,76.24,35.7
2023-05-30 00:00:00,420.18,165.66,126.74,32.1,152.99,98.19,62.26,72.59,77.96,64.34,75.83,35.81
2023-05-31 00:00:00,417.85,164.28,127.83,31.76,151.61,96.85,62.24,72.67,76.59,64.93,75.02,36.04
2023-06-01 00:00:00,421.82,165.95,128.67,32.1,153.4,98.09,63.08,72.61,77.54,64.45,76.02,36.05
2023-06-02 00:00:00,427.92,166.9,130.32,32.8,157,100.94,63.16,73.61,79.9,65.12,78.57,36.81
2023-06-05 00:00:00,427.1,165.94,130.79,32.63,157.47,100.24,63.32,73.34,79.37,65.43,78.51,36.64
2023-06-06 00:00:00,428.03,165.9,129.7,33.04,159.11,100.87,63.58,72.97,80.01,65.38,79.01,36.86
2023-06-07 00:00:00,426.55,163.42,129.19,33.17,158.03,102.49,62.87,72.73,82.13,66.49,79.95,37.54
2023-06-08 00:00:00,429.13,165.19,130.02,33.14,160.37,102.67,63.19,73.23,81.78,66.78,79.66,37.31
2023-06-09 00:00:00,429.9,166.01,130.42,33.15,161.2,102.4,63.21,73.11,81.33,66.39,79,37.12
2023-06-12 00:00:00,433.8,169.62,130.89,33.14,163.97,103.13,63.96,73.09,80.55,66.27,79.36,37.1
2023-06-13 00:00:00,436.66,170.65,131.55,33.34,165.67,104.33,64.17,73.39,80.93,66.26,81.2,37.37
2023-06-14 00:00:00,437.18,172.41,130.2,33.21,165.55,104.05,64.28,73.84,80.1,66.22,80.86,37.57
2023-06-15 00:00:00,442.6,174.63,132.22,33.65,166.63,105.62,65.3,74.58,80.98,66.94,81.55,37.73
2023-06-16 00:00:00,439.46,173.19,132.21,33.58,166.38,105.45,64.76,74.67,80.86,67.3,81.75,37.69
2023-06-20 00:00:00,437.18,171.66,131.52,33.18,167.29,104.25,64.34,73.58,78.36,65.98,80.25,36.93
2023-06-21 00:00:00,434.94,169.12,131.54,33.14,165.28,104.83,63.7,73.84,78.98,66.51,80.51,36.77
2023-06-22 00:00:00,436.51,170.5,132.44,32.88,167.39,104.07,64.2,74.27,77.92,66,80.32,36.25
2023-06-23 00:00:00,433.21,168.65,132,32.74,165.45,103.28,64.06,73.78,77.36,65.03,79.67,35.86
2023-06-26 00:00:00,431.44,167.44,131.25,32.67,163.33,104.14,63.42,73.88,78.75,65.67,80.5,36.66
2023-06-27 00:00:00,436.17,170.74,130.95,32.93,166.84,105.39,64.49,74.1,78.93,65.69,81.64,37.06
2023-06-28 00:00:00,436.39,170.84,130.53,32.85,167.5,105.39,64.78,73.6,79.73,64.72,81.08,37.16
2023-06-29 00:00:00,438.11,171.14,131.38,33.42,167.68,106.41,64.43,73.53,80.65,64.72,82.1,37.5
2023-06-30 00:00:00,443.28,173.86,132.73,33.71,169.81,107.32,65.08,74.17,81.17,65.44,82.87,37.69
2023-07-03 00:00:00,443.79,173.49,131.64,33.9,171.86,107.34,65.3,74.75,81.36,65.93,83.18,37.99
2023-07-05 00:00:00,443.13,172.42,131.57,33.83,171.93,106.76,65.8,74.62,80.91,66.68,81.13,38.18
2023-07-06 00:00:00,439.66,171.96,130.52,33.54,169.16,105.96,65.28,74.43,79.09,65.87,80.54,37.97
2023-07-07 00:00:00,438.55,171.21,129,33.59,169.37,106.2,65.05,73.46,80.79,65.39,81.24,37.79
2023-07-10 00:00:00,439.66,171.66,130.02,33.74,169.89,107.71,64.88,73.44,81.42,65.11,81.22,37.92
2023-07-11 00:00:00,442.46,172.03,130.05,34.14,171.31,108.98,66.01,73.55,83.21,65.92,82.02,38.35
2023-07-12 00:00:00,446.02,173.98,129.7,34.36,172.85,108.79,66.81,73.72,83.98,66.88,83.1,38.53
2023-07-13 00:00:00,449.56,176.25,129.75,34.48,174.47,108.93,67.79,74.03,83.66,67.11,83.75,38.79
2023-07-14 00:00:00,449.28,175.99,131.7,34.25,174.92,108.61,67.15,74.28,81.45,66.85,83.26,38.79
2023-07-17 00:00:00,450.84,178.24,131.1,34.58,175.63,109.02,66.91,74.06,81.29,66.08,83.34,38.46
2023-07-18 00:00:00,454.19,180.26,132.07,34.97,176.35,109.63,67.37,73.98,82.11,65.57,83.99,38.14
2023-07-19 00:00:00,455.2,179.81,132.68,35.12,176.97,109.58,67.56,74.73,82.59,66.24,83.54,38.56
2023-07-20 00:00:00,452.18,176.22,134.88,35.38,170.94,110.07,66.22,75.37,83.56,67.45,83.74,38.43
2023-07-21 00:00:00,452.18,176.13,136.24,35.26,170.98,109.55,65.56,75.63,84.3,68.46,83.75,38.6
2023-07-24 00:00:00,454.2,176.44,135.94,35.6,172.1,109.8,65.68,75.92,85.66,68.28,84.01,38.97
2023-07-25 00:00:00,455.44,178.46,135.88,35.37,171.7,109.66,65.89,75.9,86.11,68.4,85.52,38.68
2023-07-26 00:00:00,455.51,176.06,135.79,35.58,171.66,110.43,66.92,75.99,86.14,68.4,85.23,38.82
2023-07-27 00:00:00,452.49,175.55,134.79,35.13,169.88,109.48,67.48,75.32,85.59,67.19,84.68,38
2023-07-28 00:00:00,456.92,177.94,135.19,35.2,172.76,110.16,68.81,76.1,85.85,67.04,85.27,37.89
2023-07-31 00:00:00,457.79,178.35,134.15,35.33,173.74,110.42,68.79,75.75,87.48,67.07,85.72,38.19
2023-08-01 00:00:00,456.48,178.65,133.45,35.33,171.77,110.75,68.7,75.34,87.07,66.25,85.34,38.12
2023-08-02 00:00:00,450.13,174.23,133.54,35.03,168.69,109.59,67.41,75.61,85.93,66.25,84.28,37.96
2023-08-03 00:00:00,448.84,173.52,132.87,35.05,169.09,108.9,67.24,75.4,86.8,64.74,83.76,37.44
2023-08-04 00:00:00,446.81,171.16,132.4,34.91,171.55,108.24,67.09,74.65,86.92,63.99,83.57,37.07
2023-08-07 00:00:00,450.71,171.64,133.93,35.4,173.31,109.57,68.13,75.26,87.02,63.98,84.12,37.54
2023-08-08 00:00:00,448.75,170.32,134.96,35.08,171.93,109.07,67.94,74.72,87.45,64.28,83.23,37.35
2023-08-09 00:00:00,445.75,168.12,134.92,34.82,169.89,109.01,67.21,74.83,88.55,64.42,82.89,37.44
2023-08-10 00:00:00,445.91,168.14,134.83,34.85,170.3,108.71,67.44,74.68,88.54,64.22,82.95,37.32
2023-08-11 00:00:00,445.65,166.9,135.67,34.92,169.72,108.89,67.12,74.8,89.9,64.57,82.72,37.39
2023-08-14 00:00:00,448.11,169.56,136.08,34.85,170.24,108.93,67.61,74.43,89.52,64.06,82.9,37.19
2023-08-15 00:00:00,442.89,167.89,135.58,34.21,167.92,107.54,67.01,73.63,87.66,63.02,81.55,36.81
2023-08-16 00:00:00,439.64,166.29,134.55,34.16,165.84,106.94,66.21,73.46,86.9,63.3,81,36.36
2023-08-17 00:00:00,436.29,164.71,133.48,33.99,163.03,106.04,65.45,72.75,87.94,63.16,80.84,36.09
2023-08-18 00:00:00,436.5,164.96,133.53,33.98,162.66,106.24,65.06,73.02,88.81,63.49,80.83,36.19
2023-08-21 00:00:00,439.34,168.11,133.67,33.94,164.53,106.11,65.53,72.53,88.25,63.09,80.84,35.88
2023-08-22 00:00:00,438.15,167.92,133.2,33.62,164.77,105.86,65.53,72.12,87.57,63.27,80.77,35.99
2023-08-23 00:00:00,443.03,170.95,133.6,33.95,166.09,106.95,66.59,72.6,87.35,63.52,80.9,36.52
2023-08-24 00:00:00,436.89,167.01,132.44,33.83,162.84,105.65,65.31,72.02,86.75,63.15,80.56,36.35
2023-08-25 00:00:00,439.97,168.71,133.41,33.99,164.66,106.54,65.38,72.42,87.59,63.63,80.8,36.45
2023-08-28 00:00:00,442.76,170.09,133.72,34.18,165.32,107.41,66.18,72.75,88.18,63.62,81.39,36.74
2023-08-29 00:00:00,449.16,173.5,134.92,34.49,169.45,108.23,67.65,73.01,88.42,63.86,82.74,37.16
2023-08-30 00:00:00,451.01,174.81,134.82,34.51,170.18,108.72,67.66,73.13,88.86,63.57,82.93,37.29
2023-08-31 00:00:00,450.35,175.66,133.21,34.38,170.71,108.23,67.73,72.76,88.92,62.96,82.89,37.02
2023-09-01 00:00:00,451.19,176.2,133.57,34.69,169.67,108.8,67.1,72.14,90.74,62.64,83.82,37
2023-09-05 00:00:00,449.24,176.83,132.19,34.34,169.79,106.97,67.09,71.52,91.22,61.68,82.27,36.63
2023-09-06 00:00:00,446.22,174.96,131.47,34.32,168.28,106.51,66.88,71.44,91.26,61.82,82.09,36.56
2023-09-07 00:00:00,444.85,172.43,132.06,34.23,168.75,106.16,66.76,71.61,91.17,62.63,81.72,36.86
2023-09-08 00:00:00,445.52,172.79,132.06,34.3,168.75,105.63,66.96,71.7,92.05,63.18,81.8,36.62
2023-09-11 00:00:00,448.45,173.69,132.97,34.46,173.29,105.66,67.97,72.32,90.84,63.44,82.15,36.64
2023-09-12 00:00:00,445.99,170.54,132.8,34.69,171.72,105.28,67.26,71.7,92.98,63.52,81.96,36.64
2023-09-13 00:00:00,446.51,170.97,132.82,34.69,173.08,104.58,67.48,71.92,92.28,64.28,81.48,36.27
2023-09-14 00:00:00,450.36,172.21,133.24,35.01,174.78,105.61,68.42,72.65,93.36,65.22,82.63,36.93
2023-09-15 00:00:00,443.37,168.9,132.19,34.83,171.79,105,67.51,72.05,92.01,64.94,81.71,36.79
2023-09-18 00:00:00,443.63,169.35,131.45,34.77,169.62,104.69,67.39,71.54,92.11,64.37,80.98,36.18
2023-09-19 00:00:00,442.71,169.26,131.56,34.73,168.77,104.25,67.44,71.37,91.25,64.02,80.91,35.99
2023-09-20 00:00:00,438.64,166.6,131.57,34.49,167.09,103.84,66.52,71.44,90.4,64.08,80.06,36.06
2023-09-21 00:00:00,431.39,164.06,130.42,33.92,162.53,102.14,65.7,70.52,89.16,63.41,78.45,34.81
2023-09-22 00:00:00,430.42,164.41,130.15,33.66,160.93,101.79,65.62,70.14,89.31,63.29,78.37,34.57
2023-09-25 00:00:00,432.23,164.94,130.86,33.74,161.92,102.3,65.78,69.89,90.43,63.2,78.99,34.51
2023-09-26 00:00:00,425.88,161.97,129.75,33.29,158.97,100.74,65.05,69.37,89.91,61.31,77.85,33.9
2023-09-27 00:00:00,426.05,162.22,129.1,33.24,158.36,101.49,65.22,68.8,92.15,60.13,77.84,33.6
2023-09-28 00:00:00,428.52,163.37,129.72,33.48,160.13,101.92,65.94,69.01,92.25,58.83,78.68,33.95
2023-09-29 00:00:00,427.48,163.93,128.74,33.17,160.98,101.38,65.57,68.81,90.39,58.93,78.55,34.07
2023-10-02 00:00:00,427.31,165.69,128.56,32.89,161.11,100.39,66.06,68.34,88.59,56.19,77.51,33.45
2023-10-03 00:00:00,421.59,162.88,127.42,32.37,157.19,99.69,65.17,67.85,88.53,56.84,77.3,32.84
2023-10-04 00:00:00,424.66,164.91,127.96,32.61,160.29,100.01,65.79,68.39,85.75,56.78,78.21,33.19
2023-10-05 00:00:00,424.5,165.13,128.66,32.76,159.49,99.42,65.7,67.04,85.22,56.45,77.26,33.43
2023-10-06 00:00:00,429.54,168.22,130.01,33.04,160.61,100.78,66.91,66.67,85.73,57.25,77.99,33.56
2023-10-09 00:00:00,432.29,169.09,130.46,33.06,160.78,102.36,67.63,66.73,88.59,57.82,78.09,34
2023-10-10 00:00:00,434.54,169.35,131.08,33.3,162.54,102.98,68.02,67.41,88.7,58.61,78.92,34.12
2023-10-11 00:00:00,436.32,170.92,130.5,33.35,163.12,103.6,68.64,66.95,87.56,59.56,79.11,34.81
2023-10-12 00:00:00,433.66,171.08,129.38,33.14,161.34,102.66,67.83,66.22,87.66,58.64,77.93,34.35
2023-10-13 00:00:00,431.5,168.63,130.19,33.21,158.97,101.75,67.07,66.8,89.59,59.3,77.64,34.34
2023-10-16 00:00:00,436.04,170.25,131.17,33.56,161.54,102.83,68.15,67.49,90.19,59.91,78.4,34.69
2023-10-17 00:00:00,436.02,169.46,130.99,33.72,161.92,103.15,68.39,67.78,91.13,59.75,79.17,34.51
2023-10-18 00:00:00,430.21,167.72,129.85,33.14,158.12,100.66,67.21,68.03,91.96,59.23,77.12,33.75
2023-10-19 00:00:00,426.43,166.76,128.57,32.7,154.08,99.73,67.14,67.53,91.8,58.64,76.22,32.92
2023-10-20 00:00:00,421.19,163.94,128.06,32.2,151.69,98.7,66.52,67.27,90.26,58.03,75.3,32.75
2023-10-23 00:00:00,420.46,164.13,127.26,32,151.87,98.24,66.87,67.14,88.8,57.54,74.46,32.47
2023-10-24 00:00:00,423.63,165.26,127.65,32.22,153.49,98.98,67.66,67.71,87.55,59.02,75.34,32.88
2023-10-25 00:00:00,417.55,163.31,126.51,32.1,150.39,97.71,64.73,67.94,87.39,59.35,74.46,32.19
2023-10-26 00:00:00,412.55,160.19,125.26,32.03,148.04,97.3,63.32,67.5,86.71,59.86,74.98,32.87
2023-10-27 00:00:00,410.68,161.12,123.14,31.45,149.59,96.44,63.09,66.58,84.63,58.73,74.95,32.35
2023-10-30 00:00:00,415.59,162.85,123.83,32.01,150.96,97.64,64.39,67.62,84.91,59.18,75.72,32.45
2023-10-31 00:00:00,418.2,164.01,124.54,32.36,152.1,98.36,64.72,67.86,85.19,59.69,76.06,33.1
2023-11-01 00:00:00,422.66,167.18,124.8,32.57,153.98,98.68,65.67,67.79,84.99,60.37,76.1,33.27
2023-11-02 00:00:00,430.76,170.01,126.78,33.34,158,100.71,66.54,68.67,87.56,61.5,77.57,34.3
2023-11-03 00:00:00,434.69,171.76,127.41,33.78,160.22,101.6,67.56,68.75,86.68,61.86,78.79,35.11
2023-11-06 00:00:00,435.69,172.89,128.26,33.68,160.42,101.33,67.38,68.86,85.7,61.7,78.4,34.63
2023-11-07 00:00:00,436.93,174.78,128.35,33.63,162.21,101.08,67.74,69.03,83.8,61.25,76.88,34.34
2023-11-08 00:00:00,437.25,175.77,128.17,33.67,161.78,101.31,67.42,68.76,82.75,60.8,77.12,34.54
2023-11-09 00:00:00,433.84,174.95,125.52,33.53,158.76,101.09,67.4,68.48,82.5,60,76.46,34.01
2023-11-10 00:00:00,440.61,179.52,126.27,33.91,161.4,102.55,68.47,68.96,83.41,60.32,77.36,34.39
2023-11-13 00:00:00,440.19,178.47,127,33.86,162.09,102.64,68.32,69.18,84.01,59.6,77.25,34.1
2023-11-14 00:00:00,448.73,182.04,127.86,34.5,167.55,104.7,69.43,69.89,84.76,61.98,79.53,35.94
2023-11-15 00:00:00,449.68,182.27,127.96,34.69,167.75,104.92,69.77,70.45,84.6,61.79,79.88,36.02
2023-11-16 00:00:00,450.23,183.18,128.51,34.83,166.03,104.94,70.08,69.58,82.95,62.12,80.12,36.01
2023-11-17 00:00:00,450.79,182.8,128.25,35.01,167.14,105.61,70.07,69.49,84.69,62.29,80.27,35.97
2023-11-20 00:00:00,454.26,185.45,129.03,35.15,168,105.93,70.86,69.44,84.81,62.1,80.41,36.25
2023-11-21 00:00:00,453.27,183.95,129.81,35.13,167.57,105.85,70.62,69.65,84.62,62.23,80.72,36.07
2023-11-22 00:00:00,455.02,184.77,130.43,35.27,168.08,106.08,71.2,70.15,84.58,62.53,80.77,36.18
2023-11-24 00:00:00,455.3,184.41,131.13,35.38,168.24,106.34,70.96,70.41,84.93,62.69,81.12,36.32
2023-11-27 00:00:00,454.48,184.4,130.31,35.26,168.51,105.74,70.52,70.21,84.63,62.79,81.02,36.45
2023-11-28 00:00:00,454.93,184.75,129.64,35.25,169.48,105.49,70.69,70.53,84.65,62.99,81.18,36.65
2023-11-29 00:00:00,454.61,184.89,129.68,35.5,169.02,105.89,70.18,69.96,84.02,62.49,81.6,36.93
2023-11-30 00:00:00,456.4,185.16,131.31,35.9,168.78,107.05,69.77,70.66,84.58,62.76,82.41,37.23
2023-12-01 00:00:00,459.1,185.58,131.83,36.17,171.09,108.74,69.91,70.95,85.02,63.53,83.35,38.01
2023-12-04 00:00:00,456.69,183.32,132.08,36.13,170.44,108.92,69.21,71.04,84.63,63.28,82.38,38.22
2023-12-05 00:00:00,456.6,184.42,131.91,35.95,170.74,108.04,68.89,70.48,83.15,62.83,81.25,38.06
2023-12-06 00:00:00,454.76,182.86,132.01,35.77,170.99,108.52,68.71,70.3,81.91,63.67,81.08,37.93
2023-12-07 00:00:00,458.23,185.08,131.85,35.94,172.4,108.62,70.15,70.6,81.35,63.53,81.63,37.98
2023-12-08 00:00:00,460.2,186.66,132.07,36.13,173.19,108.96,70.48,70.11,82.23,63.41,81.93,37.9
2023-12-11 00:00:00,461.99,188.29,132.94,36.35,173.65,110,69.94,70.78,82.33,63.82,82.51,38.03
2023-12-12 00:00:00,464.1,189.54,133.51,36.61,174.19,110.5,70.23,71.01,81.2,63.56,82.99,38.02
2023-12-13 00:00:00,470.5,191.21,135.97,37.2,176.47,111.73,70.89,72.3,82.33,65.96,84,39.4
2023-12-14 00:00:00,472.01,190.74,135.31,37.57,178.84,113.17,71.2,71.24,84.75,65.1,85.39,40.49
2023-12-15 00:00:00,469.33,191.7,134.16,37.35,179.21,113.02,71.02,71.24,84.3,63.97,85.17,40
2023-12-18 00:00:00,471.97,191.85,133.78,37.29,180,112.4,71.72,71.44,84.18,63.23,84.71,39.47
2023-12-19 00:00:00,474.84,192.58,134.68,37.57,181.41,113.27,72.45,71.58,85.19,63.59,85.49,39.74
2023-12-20 00:00:00,468.26,189.67,132.73,36.9,178.1,111.44,71.89,70.19,84.4,62.3,84.18,39.24
2023-12-21 00:00:00,472.7,191.8,134.35,37.26,180.81,112.59,72.6,70.68,84.73,62.41,85.07,39.57
2023-12-22 00:00:00,473.65,192.05,135.02,37.34,179.48,113.13,72.61,71.22,84.98,62.62,85.6,39.73
2023-12-26 00:00:00,475.65,192.85,135.32,37.49,180.24,113.93,72.89,71.52,85.71,63,86,40.02
2023-12-27 00:00:00,476.51,192.84,135.89,37.61,180.86,114.1,72.9,71.85,85.33,62.96,86.21,40.25
2023-12-28 00:00:00,476.69,193.07,136.24,37.72,179.92,114.13,73.1,71.88,84.03,63.41,85.88,40.5
2023-12-29 00:00:00,475.31,192.48,136.38,37.6,178.81,113.99,72.66,72.03,83.84,63.33,85.54,40.06
2024-01-02 00:00:00,472.65,187.44,138.78,37.76,177.15,112.84,72.25,72.84,84.74,64.25,85.39,40.43
2024-01-03 00:00:00,468.79,185.53,138.55,37.44,173.57,111.16,71.98,72.27,86.12,64.49,84.47,39.47
2024-01-04 00:00:00,467.28,184.17,139.24,37.59,172.35,111.3,71.74,72.17,84.61,64.29,84.2,39.37
2024-01-05 00:00:00,467.92,184.12,139.12,37.75,172.62,111.43,72.04,72.01,84.68,64.53,84.34,39.29
2024-01-08 00:00:00,474.6,188.74,140.35,37.99,175.56,112.16,73.16,72.54,83.7,65,84.7,39.83
2024-01-09 00:00:00,473.88,189.04,140.33,37.75,174.91,111.81,73.01,72.73,82.36,64.47,83.73,39.55
2024-01-10 00:00:00,476.56,190.65,140.97,37.81,176.31,112.38,73.69,72.58,81.55,64.46,83.62,39.61
2024-01-11 00:00:00,476.35,191.62,140.87,37.67,176.08,112.12,73.45,72.57,81.76,62.96,83.37,39.24
2024-01-12 00:00:00,476.68,192.24,140.52,37.6,173.96,112.11,73.81,72.8,82.68,63.32,83.45,39.54
2024-01-16 00:00:00,474.93,192.72,139.68,37.34,173.76,110.98,73.39,72.4,80.71,62.63,82.49,39.3
2024-01-17 00:00:00,472.29,191.77,139.4,37.27,172.24,110.23,72.94,72.35,80.04,61.72,81.89,38.58
2024-01-18 00:00:00,476.49,195.66,139.38,37.33,173.22,111.72,73.83,72.26,79.91,61.06,82.15,38.33
2024-01-19 00:00:00,482.43,200.17,139.46,37.93,174.89,112.45,74.83,72.05,80.17,60.98,82.23,38.7
2024-01-22 00:00:00,483.45,201.05,140.07,38.11,174.12,113.32,74.98,71.7,80.47,60.67,82.47,38.88
2024-01-23 00:00:00,484.86,201.86,139.97,38.17,173.7,113.23,75.72,72.48,80.64,60.78,82.74,38.67
2024-01-24 00:00:00,485.39,203.25,138.69,38.32,173.04,112.53,76.19,71.59,81.79,59.95,81.62,38.14
2024-01-25 00:00:00,488.03,204.1,138.48,38.51,170.9,113.61,77.43,72.28,83.63,61.03,82.48,38.66
2024-01-26 00:00:00,487.41,201.75,139.27,38.65,171.68,113.43,77.68,72.63,84.25,61.21,82.51,38.49
2024-01-29 00:00:00,491.27,203.6,140.25,38.75,174.19,114.17,78.33,73.05,84.13,61.6,82.92,38.77
2024-01-30 00:00:00,490.89,201.92,140.57,39.24,174.09,114.21,77.8,73.46,85,61.58,83.3,38.41
2024-01-31 00:00:00,482.88,197.68,140.38,38.76,170.92,112.89,75.88,72.92,83.41,61.45,82.21,38.13
2024-02-01 00:00:00,489.2,200.17,142.2,38.82,174.21,114.81,76.66,74.41,83.4,62.62,83.58,38.8
2024-02-02 00:00:00,494.35,202.24,141.99,38.98,177.32,115.58,79.74,74.17,83.52,61.49,83.09,38.31
2024-02-05 00:00:00,492.55,202.7,142.43,38.75,174.82,114.95,78.62,73.71,83.31,60.21,80.98,37.55
2024-02-06 00:00:00,493.98,201.77,143.98,38.83,175.88,115.98,78.38,73.88,83.58,60.43,82.41,38.12
2024-02-07 00:00:00,498.1,204.44,144.37,39.12,177.85,116.75,78.78,73.81,83.75,60.47,83.07,38.1
2024-02-08 00:00:00,498.32,205.08,144.12,38.97,178.63,116.77,79.08,73.79,84.61,60.04,82.96,38.31
2024-02-09 00:00:00,501.2,207.84,144.01,39.08,179.9,116.95,79.17,73.11,83.31,60.27,83.14,38.41
2024-02-12 00:00:00,500.98,206.26,144.2,39.26,179.75,117.12,79.42,73.63,84.23,60.97,83.8,38.29
2024-02-13 00:00:00,494.08,202.76,142.86,38.73,176.17,115.92,78.3,72.84,83.38,59.96,82.62,37.59
2024-02-14 00:00:00,498.57,204.88,144.1,39.1,178.03,117.86,79.55,72.7,83.3,60.29,83.15,37.84
2024-02-15 00:00:00,502.01,204.45,145.15,39.77,180.09,118.74,80.2,73.17,85.62,61.3,84.72,38.75
2024-02-16 00:00:00,499.51,202.57,145.62,39.63,179.02,118.03,78.95,73.28,85.57,61.23,85.17,38.35
2024-02-20 00:00:00,496.76,200.51,145.13,39.52,177.33,117.66,78.83,74.05,84.79,61.19,84.99,38.29
2024-02-21 00:00:00,497.21,199.25,145.45,39.64,178.64,118.13,78.74,74.32,86.38,62,85.46,38.57
2024-02-22 00:00:00,507.5,205.77,147.16,40.1,182.11,119.59,79.92,74.55,86.53,61.52,86.32,38.67
2024-02-23 00:00:00,507.85,205.29,147.86,40.3,181.29,120.22,79.72,74.78,85.96,61.96,86.83,38.72
2024-02-26 00:00:00,505.99,205.49,147.1,40.1,181.85,120.04,78.56,74.48,86.26,60.74,86.31,38.28
2024-02-27 00:00:00,506.93,205.67,146.74,40.21,182.45,120.22,79.2,74.49,85.89,61.89,86.63,38.31
2024-02-28 00:00:00,506.26,204.7,146.01,40.36,183.17,120.63,78.66,74.57,85.72,62.08,86.9,38.8
2024-02-29 00:00:00,508.08,206.98,144.82,40.34,184.41,121,79.36,74.45,86.14,62.1,87.56,39.11
2024-03-01 00:00:00,512.85,210.76,146.34,40.29,185.02,121.52,80.02,74.46,87.14,61.72,87.96,39.54
2024-03-04 00:00:00,512.3,210.76,146.12,40.39,182.52,121.96,78.97,74.52,86.21,62.76,88.6,39.99
2024-03-05 00:00:00,507.18,205.58,145.03,40.4,180.25,120.96,78.33,74.7,86.85,62.58,88.13,39.48
2024-03-06 00:00:00,509.75,207.21,146.02,40.61,179.61,121.59,78.44,75.33,87.12,63.18,88.78,39.7
2024-03-07 00:00:00,514.81,210.48,146.7,40.55,180.98,122.57,79.71,75.76,87.86,63.59,89.87,39.7
2024-03-08 00:00:00,511.72,207.35,146.43,40.62,180.31,122.3,79.59,75.16,88.17,63.75,89.35,40.17
2024-03-11 00:00:00,511.28,206.78,146.35,40.69,179.82,121.67,79.44,75.57,89.08,64.07,90.36,39.97
2024-03-12 00:00:00,516.78,211.02,147.03,40.86,181.37,122.21,80.14,75.96,88.94,63.45,90.35,39.87
2024-03-13 00:00:00,515.97,208.74,146.46,41.16,180.99,122.54,80.28,76.15,90.36,63.88,91.24,39.62
2024-03-14 00:00:00,514.95,208.78,145.94,40.83,179.84,122.02,80.09,75.56,91.29,63.37,90.76,39.06
2024-03-15 00:00:00,509.83,205.63,145.36,40.79,178.05,122.04,79.29,75.53,91.56,63.46,90.8,39.04
2024-03-18 00:00:00,512.86,206.3,144.82,40.87,179.02,121.88,80.7,75.46,91.14,63.23,90.64,38.77
2024-03-19 00:00:00,515.71,207.37,145.78,41.07,180.57,122.93,80.67,75.74,92.18,63.79,90.65,38.77
2024-03-20 00:00:00,520.48,209.69,145.45,41.56,183.26,124.41,81.62,75.97,92.05,63.87,91.56,38.93
2024-03-21 00:00:00,522.2,209.84,145.64,41.9,184.33,125.64,81.65,76.01,92.6,63.77,91.94,39.08
2024-03-22 00:00:00,521.21,209.91,145.44,41.42,182.72,125.21,81.82,75.64,92.4,63.86,91.37,38.62
2024-03-25 00:00:00,519.77,208.52,145.24,41.26,182.12,124.4,81.54,75.43,93.26,64.16,91.4,38.47
2024-03-26 00:00:00,518.81,207.66,145.77,41.4,182.35,123.95,81.37,75.47,92.54,63.43,91.33,38.31
2024-03-27 00:00:00,523.17,208.72,147.71,41.89,184.46,125.94,81.79,76.26,93.4,65.2,92.64,39.28
2024-03-28 00:00:00,523.07,208.27,147.73,42.12,183.89,125.96,81.66,76.36,94.41,65.65,92.89,39.53
2024-04-01 00:00:00,522.16,208.85,146.47,41.89,182.52,124.99,82.29,75.75,95.11,65.25,92.67,38.84
2024-04-02 00:00:00,518.84,206.84,144.19,41.67,179.83,124.41,82.16,75.36,96.44,65.36,92.33,38.41
2024-04-03 00:00:00,519.41,207.39,144.03,41.65,179.96,125.05,82.81,74.53,97.1,65.1,92.88,38.43
2024-04-04 00:00:00,513.07,204.11,141.95,41.18,177.85,123.95,81.69,74.21,97.04,64.97,91.94,38.13
2024-04-05 00:00:00,518.43,206.45,143.22,41.57,178.84,125.67,82.52,74.33,98.08,65.16,92.77,38.38
2024-04-08 00:00:00,518.72,206.21,142.76,41.75,180.54,125.45,82.53,74.22,97.46,65.59,92.84,38.71
2024-04-09 00:00:00,519.32,207.25,143.27,41.51,181.39,125.16,82.62,74.58,97.49,65.95,93.06,39.2
2024-04-10 00:00:00,514.12,204.71,141.59,40.89,178.59,124.09,81.97,74.31,97.79,64.82,91.61,37.59
2024-04-11 00:00:00,518,208.8,141.01,40.6,180.03,124.23,82.69,74.13,97.72,64.69,91.54,37.63
2024-04-12 00:00:00,510.85,205.42,138.91,40.06,177.11,122.9,81.33,73.38,96.13,64.2,89.92,37.24
2024-04-15 00:00:00,504.45,201.52,138.63,39.86,174.16,122.02,80.3,73.08,95.23,63.61,89.49,36.59
2024-04-16 00:00:00,503.53,201.76,138.68,39.59,173.17,121.74,80.03,73.11,94.4,62.77,88.8,36.03
2024-04-17 00:00:00,500.55,198.85,138.44,39.69,172.33,121.11,79.96,73.38,94.13,64.08,89,35.73
2024-04-18 00:00:00,499.52,196.58,138.43,39.83,171.26,120.69,80.35,73.72,93.84,64.44,89.03,35.74
2024-04-19 00:00:00,495.16,192.53,138.95,40.38,169.76,120.47,79.47,74.44,94.97,65.43,88.96,35.88
2024-04-22 00:00:00,499.72,194.25,139.48,40.87,170.51,121.38,79.58,75.15,95.59,66.03,89.05,36.17
2024-04-23 00:00:00,505.65,197.13,141.3,41.13,172.54,123.07,80.79,75.36,96.12,66.34,88.28,36.5
2024-04-24 00:00:00,505.41,198.03,140.86,41.12,174.19,122.09,80.84,75.93,96.19,66.74,88.34,36.64
2024-04-25 00:00:00,503.49,197.6,139.92,40.88,174.34,122.46,77.96,75.75,96.63,66.92,88.97,36.43
2024-04-26 00:00:00,508.26,199.83,139.96,40.82,175.91,122.66,80.11,75.59,95.74,66.19,89.52,36.46
2024-04-29 00:00:00,510.06,200.69,140.43,40.76,180,123.48,79.18,75.83,96.39,67.09,90.27,36.87
2024-04-30 00:00:00,501.98,196.27,140.33,40.36,175.62,121.52,77.86,75.5,93.52,66.74,88.63,36.19
2024-05-01 00:00:00,500.35,194.26,140.58,40.36,174.52,121.22,78.58,75.02,92.03,67.51,89.09,36.21
2024-05-02 00:00:00,505.03,197.06,140.48,40.46,176.72,121.92,79.37,75.65,92.56,67.87,88.63,36.73
2024-05-03 00:00:00,511.29,202.55,140.83,40.55,177.91,122.77,80.21,75.88,92.57,68.41,89.53,37.02
2024-05-06 00:00:00,516.57,204.93,141.4,41.07,179.81,124.01,81.3,75.92,93.3,68.76,90.07,37.03
2024-05-07 00:00:00,517.14,204.26,142.57,41.21,178.52,124.35,81.39,76.75,93.21,69.54,91.14,37.42
2024-05-08 00:00:00,517.19,204.84,142.08,41.36,177.85,124.35,81.26,76.52,93.1,70.27,90.72,37.07
2024-05-09 00:00:00,520.17,204.78,143.3,41.67,179.06,125.59,81.67,77.18,94.35,71.34,91.73,37.95
2024-05-10 00:00:00,520.84,205.54,143.59,41.83,178.1,125.68,81.79,77.62,93.83,71.27,91.84,37.81
2024-05-13 00:00:00,520.91,206.51,143.45,41.66,177.87,125.15,81.64,77.4,93.58,71.27,91.78,37.91
2024-05-14 00:00:00,523.3,208.34,144.06,41.87,178.68,125.12,82.01,77.25,93.7,71.46,91.87,38.18
2024-05-15 00:00:00,529.78,213.03,146.2,42.18,178.95,125.94,82.53,77.3,93.91,72.53,92.03,38.83
2024-05-16 00:00:00,528.69,212.29,146.03,42.18,177.79,125.19,82.47,78.4,93.65,72.28,91.37,38.76
2024-05-17 00:00:00,529.45,211.82,146.31,42.49,178.7,125.33,82.61,78.21,94.96,72.34,92.15,38.76
2024-05-20 00:00:00,530.06,214.31,146,41.91,177.37,125.57,82.85,77.67,94.34,72.22,92.28,38.52
2024-05-21 00:00:00,531.36,214.66,146.25,42.18,178.51,125.16,82.74,78.13,93.88,72.87,92.28,38.49
2024-05-22 00:00:00,529.83,215.14,146.51,41.94,176.65,125.31,82.84,77.82,92.08,72.01,91.38,38.16
2024-05-23 00:00:00,525.96,213.39,144.91,41.36,173.79,123.83,81.9,76.9,91.24,70.79,90.57,37.35
2024-05-24 00:00:00,529.44,215.19,144.42,41.61,175.54,124.46,82.95,77.1,91.37,71.5,91.36,37.35
2024-05-28 00:00:00,529.81,216.1,142.67,41.15,175.11,122.94,83.09,76.5,92.31,71.43,91.01,37.13
2024-05-29 00:00:00,526.1,214.73,141.56,40.82,173.96,121.2,82.65,75.95,90.68,70.51,89.71,36.78
2024-05-30 00:00:00,522.61,209.83,141.63,41.04,174.99,122.03,82.38,76.15,90.94,71.46,90.44,37.31
2024-05-31 00:00:00,527.37,210.16,143.7,41.64,175.97,123.51,83.26,77.34,93.2,72.72,91.53,38.05
2024-06-03 00:00:00,527.8,210.69,144.71,41.38,175.89,122,83.59,77.31,90.76,71.89,90.99,37.9
2024-06-04 00:00:00,528.39,211.13,145.13,41.19,176.07,121.7,83.91,77.98,89.89,71.86,89.98,38.26
2024-06-05 00:00:00,534.67,215.82,145.79,41.31,177.1,122.93,84.93,77.81,89.88,71.45,90.6,38.21
2024-06-06 00:00:00,534.66,215.1,146.27,41.29,178.39,122.2,84.98,78.05,90.35,70.71,90.7,38.27
2024-06-07 00:00:00,534.01,215.6,146.43,41.48,177.66,122.33,84.4,77.66,89.99,69.94,89.79,37.97
2024-06-10 00:00:00,535.66,216.15,146.97,41.32,178.23,122.71,84.61,77.6,90.67,70.84,89.7,38.16
2024-06-11 00:00:00,536.95,220.17,146.36,40.85,177.76,122.01,84.77,77.56,90.49,70.41,89.67,38.04
2024-06-12 00:00:00,541.36,225.04,146.05,40.81,179.61,123.17,84.59,76.71,89.52,69.95,89.84,38.31
2024-06-13 00:00:00,542.45,226.82,145.93,40.78,179.75,122.38,83.86,76.81,88.7,70.11,89.81,38.5
2024-06-14 00:00:00,542.78,227.67,145.88,40.65,178.33,121.15,84.13,76.95,88.04,69.94,88.98,38.53
2024-06-17 00:00:00,547.1,231.12,145.73,41.01,181.46,122.49,84.53,77.68,88.27,69.17,89.64,38.33
2024-06-18 00:00:00,548.49,231.41,145.92,41.27,180.85,123.15,84.03,77.78,88.64,69.2,89.54,38.48
2024-06-20 00:00:00,547,228.81,146.4,41.49,181.08,123.23,84.39,77.61,90.27,69.8,89.63,38.38
2024-06-21 00:00:00,544.51,228.41,146.81,41.33,182.61,122.97,84.94,77.67,89.75,69.39,89.64,38.48
2024-06-24 00:00:00,542.74,222.42,147.09,41.59,181.44,123.07,85,77.91,91.28,69.74,89.79,38.35
2024-06-25 00:00:00,544.83,226.5,146.63,41.28,180.71,122.02,85.95,77.41,91.49,69.08,88.65,37.81
2024-06-26 00:00:00,545.51,226.24,146.11,41.02,183.33,121.69,85.96,77.25,90.59,68.79,88.59,37.76
2024-06-27 00:00:00,546.37,226.35,145.87,40.97,184.45,121.82,86.45,76.92,90.8,68.91,88.34,38.1
2024-06-28 00:00:00,544.22,226.23,145.75,41.11,182.4,121.87,85.66,76.58,91.15,68.14,88.31,38.41
2024-07-01 00:00:00,545.34,227.94,144.93,41.2,183.02,120.56,85.3,76.04,91.2,67.67,86.95,38.04
2024-07-02 00:00:00,549.01,229.08,144.4,41.68,186.58,121.22,86.06,76.57,91.13,68.02,87.11,38.2
2024-07-03 00:00:00,551.46,232.17,143.3,41.55,187.77,121.66,86.09,76.44,91.53,68.43,87.76,38.16
2024-07-05 00:00:00,554.64,232.88,144.41,41.54,189.3,121.22,87.76,77.38,90.1,68.55,87.9,38.3
2024-07-08 00:00:00,555.28,234.47,144.25,41.43,189.39,121.37,86.97,77.26,89.55,68.62,88.16,38.39
2024-07-09 00:00:00,555.82,234.28,144.95,41.75,190.02,120.84,87.24,77.06,88.76,68.82,87.26,38.4
2024-07-10 00:00:00,561.32,237.68,146.32,41.91,191.45,121.92,87.79,77.4,89.36,69.47,88.43,38.67
2024-07-11 00:00:00,556.48,231.73,147.35,42.24,189.02,123.47,86.59,77.11,90.29,70.74,89.64,39.7
2024-07-12 00:00:00,559.99,233.8,148.27,42.38,191.49,124.18,86.31,77.45,90.52,71.26,90.5,39.99
2024-07-15 00:00:00,561.53,234.22,147.75,43,191.27,125.07,86.62,77,91.89,69.53,90.27,40.16
2024-07-16 00:00:00,564.86,233.44,149.86,43.49,194.7,128.19,86.85,77.74,92.3,70.07,92.02,40.54
2024-07-17 00:00:00,556.94,224.36,150.54,43.82,191.45,126.55,85.54,78.74,93.22,70.11,91.83,40.9
2024-07-18 00:00:00,552.66,224.38,147.12,43.29,189.5,125.56,85.49,78.35,93.39,70.05,90.92,40.56
2024-07-19 00:00:00,548.99,220.87,147.87,42.85,187.81,124.87,85.11,78.09,92.37,70.13,90.11,40.51
2024-07-22 00:00:00,554.65,226.1,148.72,43.09,189.88,126.14,85.47,78.14,91.79,70.72,90.41,40.91
2024-07-23 00:00:00,553.78,225.2,148.63,43.17,189.03,125.9,85.35,77.86,90.33,70.28,90.77,40.84
2024-07-24 00:00:00,541.23,215.88,149.87,42.58,181.3,123.19,83.12,77.79,90.34,71.07,89.61,40.28
2024-07-25 00:00:00,538.41,213.57,149.12,42.74,180.59,124.18,82.16,77.7,91.9,70.48,89.86,40.06
2024-07-26 00:00:00,544.44,216.28,149.96,43.41,182.61,126.3,83.7,78.49,92.19,71.17,91.33,40.73
2024-07-29 00:00:00,544.76,215.32,150.05,43.35,185.66,126.08,84.44,78.52,91.4,71.49,91.49,40.99
2024-07-30 00:00:00,542,209.91,150.18,43.85,184.63,126.45,84.78,77.99,92.82,71.86,91.19,41.29
2024-07-31 00:00:00,550.81,218.8,149.63,43.74,187.49,127.86,85.79,77.85,93.21,72.79,92.14,41.19
2024-08-01 00:00:00,543.01,210.64,151.16,43.12,182.89,125.49,86.14,78.57,90.74,74.1,91.77,41.83
2024-08-02 00:00:00,532.9,204.72,150.86,42.06,176.16,122.73,84.74,79.26,88.4,74.22,90.04,41.86
2024-08-05 00:00:00,517.38,197.9,146.83,40.84,171.18,120.6,82.31,77.7,86.45,72.26,88.03,40.65
2024-08-06 00:00:00,522.15,200.59,147.51,41.5,173.07,122.05,83.28,78.24,86.98,72.87,88.48,41.55
2024-08-07 00:00:00,518.66,197.34,146.01,41.55,170.05,121.46,82.84,78.32,87.33,73.28,87.28,41.25
2024-08-08 00:00:00,530.65,204.71,149.24,42.22,173.76,124.26,84.49,79.03,89.21,73.36,88.63,41.6
2024-08-09 00:00:00,532.99,205.63,149.98,42.4,174.34,124.28,85.21,79.15,89.41,73.61,88.56,41.81
2024-08-12 00:00:00,533.27,207.31,149.41,42.18,173.65,123.65,84.62,78.75,89.85,73.74,88.17,41.56
2024-08-13 00:00:00,542.04,213.68,151.22,42.53,178,124.95,85.72,79.11,88.98,74.17,89.05,41.85
2024-08-14 00:00:00,543.75,214.85,151.76,43.05,177.05,125.46,85.23,79.47,89.5,74.12,89.05,42
2024-08-15 00:00:00,553.07,221.03,152.71,43.45,182.7,127.15,86,80.29,90.57,74.11,90.46,41.88
2024-08-16 00:00:00,554.31,221.4,152.87,43.77,183.13,126.97,86.26,80.51,90.47,74.44,90.57,41.86
2024-08-19 00:00:00,559.61,225.05,153.8,44.01,185.38,127.74,87.24,80.78,91.08,74.93,91,42.11
2024-08-20 00:00:00,558.7,224.26,154.42,43.87,185.21,127.39,87.18,81.18,88.68,74.77,90.67,42.15
2024-08-21 00:00:00,560.62,225.58,154.68,43.8,187.55,128.16,87.55,81.73,88.83,75.3,91.71,42.29
2024-08-22 00:00:00,556.22,220.39,154.78,44.05,184.31,128,86.89,81.61,89.06,75.21,91.52,42.55
2024-08-23 00:00:00,562.13,223.96,155.45,44.43,187.87,129.28,87.5,81.84,90.39,75.42,92.73,43.37
2024-08-26 00:00:00,560.79,221.15,155.37,44.57,186.41,129.14,87.7,82.42,91.2,75.91,93.14,43.34
2024-08-27 00:00:00,561.56,222.49,155.61,44.8,185.92,129.22,87.5,82.62,90.35,75.31,93.15,43.45
2024-08-28 00:00:00,558.3,219.42,155.79,44.91,184.12,129.16,86.92,82.27,89.77,75.31,92.75,43.3
2024-08-29 00:00:00,558.35,217.44,156.12,45.31,184.34,130.07,86.74,81.86,90.94,75.72,93.26,43.13
2024-08-30 00:00:00,563.68,220.33,157.2,45.74,187.12,131.46,87.32,82.51,91.28,76.29,94.28,43.55
2024-09-03 00:00:00,552.08,210.21,156.9,45.4,184.55,128.55,85.72,83.09,89.01,76.18,92.14,43.65
2024-09-04 00:00:00,550.95,209.67,156.63,45.45,185.03,128.68,85.31,83.48,87.78,76.83,91.76,43.75
2024-09-05 00:00:00,549.61,209.35,154.48,44.95,187.13,127.18,85.56,83.16,87.1,76.64,91.04,43.63
2024-09-06 00:00:00,540.36,203.92,153.95,44.29,182.4,125.89,83.77,82.99,86.01,75.91,89.89,43.63
2024-09-09 00:00:00,546.41,207.26,155.03,44.95,185.06,127.82,84.13,83.63,86.63,76.68,90.76,44.15
2024-09-10 00:00:00,548.79,210.36,155.74,44.49,187.18,128.04,84.11,83.61,85.14,77.04,90.8,44.93
2024-09-11 00:00:00,554.42,217.54,155.28,44.28,189.05,128.27,84.46,82.83,84.35,77.28,91.02,44.81
2024-09-12 00:00:00,559.09,219.34,155.84,44.38,191.18,129.26,86.04,83.34,85.11,77.45,91.86,44.89
2024-09-13 00:00:00,562.01,220.44,156.16,44.51,192.48,130.57,86.87,83.93,85.59,78.54,92.69,45.21
2024-09-16 00:00:00,562.84,219.6,157.24,45.09,192.15,131.24,87.78,84.26,86.57,79.14,93.55,45.36
2024-09-17 00:00:00,563.07,219.17,155.62,45.33,193.13,131.96,87.78,83.46,87.74,79.08,93.73,45
2024-09-18 00:00:00,561.4,217.17,155.36,45.19,192.75,131.85,87.71,83.14,87.91,78.48,93.33,44.87
2024-09-19 00:00:00,570.98,223.62,155.92,45.69,197.14,134.12,88.9,82.65,88.96,78.02,94.74,44.76
2024-09-20 00:00:00,568.25,222.53,155.28,45.66,196.69,133.18,88.9,83.05,88.76,80.08,94.07,44.68
2024-09-23 00:00:00,569.67,222.09,154.4,45.44,198.67,133.64,88.83,83.09,89.12,80.33,94.47,44.86
2024-09-24 00:00:00,571.3,223.61,154.09,45.06,200.41,134.6,89.25,82.89,88.9,79.76,95.76,44.86
2024-09-25 00:00:00,570.04,224.25,152.59,44.79,199.69,133.97,88.97,82.68,87.16,80.18,95.12,44.67
2024-09-26 00:00:00,572.3,227.22,153.1,45.02,200.54,134.64,89.47,82.87,85.45,79.63,97.09,44.23
2024-09-27 00:00:00,571.47,225.1,153.02,45.15,200.84,134.83,90.01,83.02,87.19,80.42,96.92,44.29
2024-09-30 00:00:00,573.76,225.76,154.02,45.32,200.37,135.44,90.4,83,87.8,80.78,96.38,44.67
2024-10-01 00:00:00,568.62,220.26,153.21,45.08,199.56,135.51,90.47,82.72,89.8,81.43,96.14,44.4
2024-10-02 00:00:00,568.86,221.89,152.9,45.13,197.87,135.26,90.19,82.02,90.72,81.47,95.77,44.24
2024-10-03 00:00:00,567.82,222.81,151.52,44.89,195.58,134.57,89.88,81.2,92.32,81.44,94.71,43.81
2024-10-04 00:00:00,572.98,225.29,151.64,45.65,198.17,135.51,90.88,81.47,93.18,81.31,95.17,43.52
2024-10-07 00:00:00,567.8,223.74,150.97,45.09,195.09,135.18,89.66,80.66,93.51,79.44,94.89,43.2
2024-10-08 00:00:00,573.17,227.92,151.79,45.35,196.99,135.48,90.45,81.06,91.07,79.48,94.45,43.33
2024-10-09 00:00:00,577.14,230.47,153.34,45.77,198.4,136.69,90.48,81.55,91.62,78.8,95.05,43.35
2024-10-10 00:00:00,576.13,230.41,152.77,45.63,197.42,135.99,89.81,81.19,92.24,78.56,95.27,42.99
2024-10-11 00:00:00,579.58,230.81,153.89,46.51,196.58,138.42,90.43,81.64,92.81,79.25,95.89,43.43
2024-10-14 00:00:00,584.32,233.82,154.74,46.8,197.44,139.25,90.85,81.97,92.77,80.25,96.44,43.73
2024-10-15 00:00:00,579.78,228.68,152.85,46.9,197.87,138.18,91.05,82.49,89.78,80.61,96.34,44.28
2024-10-16 00:00:00,582.3,229.39,153.28,47.48,198.91,139.25,90.99,82.43,90.21,82.21,97.09,44.72
2024-10-17 00:00:00,582.35,230.09,152.39,47.61,198.73,138.85,90.56,82.06,90.64,81.48,97.24,44.43
2024-10-18 00:00:00,584.59,230.91,153.13,47.62,199.51,139.27,91.23,82.24,90.34,81.95,97.63,44.74
2024-10-21 00:00:00,583.63,231.99,151.33,47.24,197.96,138.78,90.87,81.55,90.07,81.63,96.88,43.82
2024-10-22 00:00:00,583.32,231.75,151.11,47.15,197.16,137.1,91,82.01,90.28,81.34,95.99,43.89
2024-10-23 00:00:00,577.99,228.43,150.4,47.11,194.06,136.7,90.31,81.85,89.81,82.12,95.73,44.32
2024-10-24 00:00:00,579.24,229.1,149.41,47.15,200.18,135.76,90.62,81.74,89.8,81.59,94.56,44.42
2024-10-25 00:00:00,579.04,230.29,148.59,46.63,200.81,135.4,90.85,81.06,89.77,80.38,93.96,44.07
2024-10-28 00:00:00,580.83,230.22,148.81,47.21,201.28,135.8,91.43,81.21,89.2,81.01,94.74,44.21
2024-10-29 00:00:00,581.77,233.32,148.4,46.92,200.23,135.62,92.29,80.41,87.84,79.28,94.13,43.81
2024-10-30 00:00:00,580.01,229.61,148.12,47.13,199.95,135.39,92.85,80.28,88.04,79.09,94.64,43.97
2024-10-31 00:00:00,568.64,222.24,146.87,46.48,196.89,133.83,92.04,80.12,88.59,79.91,93.39,43.2
2024-11-01 00:00:00,571.04,223.91,147.74,46.64,200.09,134.01,92.4,80.15,88.03,78.13,93.13,42.74
2024-11-04 00:00:00,569.81,223.74,146.77,46.28,199.4,133.86,92.09,80.37,89.57,77.2,93.54,43.22
2024-11-05 00:00:00,576.7,226.89,147.85,46.71,202.93,136.1,93.11,80.88,90.17,78.36,93.68,43.81
2024-11-06 00:00:00,591.04,233.35,148.04,49.55,209.42,141.43,95.4,79.56,93.56,77.55,94.97,42.64
2024-11-07 00:00:00,595.61,237.42,149.11,48.75,212.11,140.58,96.65,79.85,93.13,77.69,95.34,43.17
2024-11-08 00:00:00,598.19,237.16,150.18,49.19,215.12,142.09,96.18,80.82,93.75,79.18,94.47,43.91
2024-11-11 00:00:00,598.76,235.85,149.3,49.89,219.46,143.19,96.72,80.54,94.28,79.4,94.06,43.53
2024-11-12 00:00:00,596.9,236.15,147.22,49.74,216.53,141.96,97.16,80.63,93.78,78.49,92.46,42.98
2024-11-13 00:00:00,597.19,235.33,146.83,49.77,218.38,142.26,97.2,80.87,94.51,78.35,92.68,43.32
2024-11-14 00:00:00,593.35,234.53,144.52,49.64,215.28,139.86,97.09,80.67,94.87,78.08,91.92,42.93
2024-11-15 00:00:00,585.75,228.71,141.84,49.87,213.44,139.11,95.15,79.96,94.73,79.25,91.28,42.98
2024-11-18 00:00:00,588.15,229.45,141.94,50.02,215.41,138.92,96.09,80.52,95.99,79.94,91.99,43.36
2024-11-19 00:00:00,590.3,231.33,141.21,49.69,215.57,138.8,96.72,80.63,95.38,80.45,91.69,43.54
2024-11-20 00:00:00,590.5,231.13,142.88,49.54,214.62,138.95,97.34,80.22,96.34,80.49,92.44,43.47
2024-11-21 00:00:00,593.67,233.48,144.03,50.17,215,140.69,97.09,81.09,97.12,81.89,93.57,43.76
2024-11-22 00:00:00,595.51,233.6,144.16,50.73,218.1,142.65,96.88,81.84,97.27,81.45,94.09,44.09
2024-11-25 00:00:00,597.53,233.59,145.39,51.06,220.33,143.54,97.38,82.29,95.35,81.6,95.06,44.68
2024-11-26 00:00:00,600.65,234.76,146.17,51.16,221.13,143.71,97.74,82.63,95.22,82.9,94.35,44.9
2024-11-27 00:00:00,598.83,231.58,146.95,51.26,220.04,143.18,97.87,82.8,95.12,82.9,94.3,45.21
2024-11-29 00:00:00,602.55,233.73,147.41,51.34,222.3,143.99,98.4,83.22,95.53,82.93,94.78,45
2024-12-02 00:00:00,603.63,235.95,147.15,50.83,224.24,142.93,99.21,83.12,94.52,81.15,94.72,44.32
2024-12-03 00:00:00,603.91,236.8,146.82,50.45,224.07,142.03,100.01,82.69,94.51,80.45,94.42,44.06
2024-12-04 00:00:00,607.66,241.13,146.74,50.26,226.15,142.65,100.24,82.46,92.23,80.44,93.5,43.94
2024-12-05 00:00:00,606.66,239.91,145.1,50.41,228,140.92,100.01,82.79,92.59,80.69,92.27,43.83
2024-12-06 00:00:00,607.81,240.84,144.28,50.4,232.8,140.56,100.93,82.38,91.02,79.69,91.91,43.77
2024-12-09 00:00:00,604.68,239.27,144.7,49.71,232.06,139.34,98.78,82.25,90.87,78.69,91.89,43.86
2024-12-10 00:00:00,602.8,235.95,144.1,49.7,232.44,139,100.33,82.64,90.25,78.12,90.95,43.15
2024-12-11 00:00:00,607.46,239.37,142.14,49.8,236.52,138.68,101.97,82.01,90.4,77.63,90.63,43.04
2024-12-12 00:00:00,604.33,238.03,141.01,49.58,234.56,137.79,102.16,82.25,89.67,77.59,90,43.01
2024-12-13 00:00:00,604.21,239.05,140.99,49.54,235.49,137.43,100.94,82.04,89.22,77.64,89.23,42.83
2024-12-16 00:00:00,606.79,241.44,139.31,49.45,238.68,137.55,101.33,81.61,87.26,77.02,88.44,42.61
2024-12-17 00:00:00,604.29,239.98,139.21,49.1,239.43,136.29,100.57,81.47,86.61,76.7,87.95,42.42
2024-12-18 00:00:00,586.28,232.24,137.32,47.63,228.64,132.44,97.7,80.23,84.05,74.89,85.45,40.76
2024-12-19 00:00:00,586.1,232.49,136.28,47.8,228.33,132.27,97.43,79.66,83.32,75.23,84.53,40.06
2024-12-20 00:00:00,591.15,235.96,138,48.51,228.91,133.82,97.96,79.94,84.14,76.43,85.58,40.79
2024-12-23 00:00:00,594.69,238.07,138.75,48.42,229.17,133.12,98.24,78.92,83.93,76.06,85.07,40.54
2024-12-24 00:00:00,601.3,240.53,139.32,48.99,234.47,134.16,99.17,79.44,84.64,76.48,85.53,40.81
2024-12-26 00:00:00,601.34,240.69,139.6,49.11,233.6,134.26,99.04,79.69,84.57,76.3,85.4,40.87
2024-12-27 00:00:00,595.01,237.49,138.95,48.75,229.74,133.26,98.16,79.3,84.56,76.08,84.94,40.54
2024-12-30 00:00:00,588.22,234.47,137.24,48.28,226.05,131.92,97.13,78.37,84.55,75.76,83.8,40.35
2024-12-31 00:00:00,586.08,232.52,137.57,48.33,224.35,131.76,96.81,78.61,85.66,75.69,84.14,40.67
2025-01-02 00:00:00,584.64,231.97,137.61,48.21,221.4,131.3,97.28,78.37,86.66,76.27,83.21,40.29
2025-01-03 00:00:00,591.95,235.75,138.96,48.59,225.88,132.72,97.88,78.33,87.47,77.08,83.19,40.84
2025-01-06 00:00:00,595.36,238.75,139.02,48.44,226.77,132.43,98.94,77.51,87.07,76.22,83.75,40.28
2025-01-07 00:00:00,588.63,233.96,139.71,48.33,222.38,132.3,97.84,77.24,87.94,76.03,83.7,39.98
2025-01-08 00:00:00,589.49,233.88,140.43,48.49,223.01,132.82,97.26,77.38,88.03,76.01,84.16,40.15
2025-01-10 00:00:00,580.49,228.78,139.64,47.32,220.82,131.33,95.81,76.34,88.39,75.58,83.3,39.18
2025-01-13 00:00:00,581.39,227.16,141.46,47.66,222.07,132.87,95.85,76.47,90.25,74.7,85.16,39.68
2025-01-14 00:00:00,582.19,227.76,140,48.25,221.64,134.44,95.53,76.49,91.22,75.68,86.22,40.02
2025-01-15 00:00:00,592.78,232.29,140.57,49.48,227.28,135.29,97.1,76.23,92.57,76.79,87.04,40.19
2025-01-16 00:00:00,591.64,230.5,141.13,49.81,226.05,136.93,96.55,76.8,93.24,78.73,87.76,41.09
2025-01-17 00:00:00,597.58,234.11,140.18,50.23,229.22,137.75,97.39,77.24,93.96,78.84,88.33,41.08
2025-01-21 00:00:00,603.05,236.06,142.5,50.65,230.9,140.58,98.27,77.6,93.48,80.05,89.46,41.83
2025-01-22 00:00:00,606.44,241.39,142.18,50.41,230.03,140.25,99.25,77.22,91.78,78.32,88.74,41.1
2025-01-23 00:00:00,609.75,241.82,144.08,50.7,231.42,141.67,99.51,77.5,92.2,78.69,89.23,41.43
2025-01-24 00:00:00,607.97,239.3,144.31,50.85,230.01,141.07,100.41,77.9,91.31,79.49,89,41.55
2025-01-27 00:00:00,599.37,227.57,147.55,51.41,231.32,139.18,100.93,80.01,90.36,77.65,89.05,41.96
2025-01-28 00:00:00,604.52,233.64,146.52,51.32,231.6,138.26,101.42,78.76,89.5,76.58,88.76,41.45
2025-01-29 00:00:00,601.81,231.74,145.66,51.28,230.94,137.79,101.87,78.95,89.7,76.74,88.6,40.97
2025-01-30 00:00:00,605.04,232.17,147.34,51.77,233.2,139.33,101.97,79.73,90.16,78.34,89.44,41.51
2025-01-31 00:00:00,601.82,230.81,146.87,51.47,232.17,138.35,102.38,78.98,87.64,77.88,88.79,41.42
2025-02-03 00:00:00,597.77,227.7,147.44,51.26,229.1,136.98,102.6,79.29,88.19,78.3,88.88,41.35
2025-02-04 00:00:00,601.78,230.98,147.04,51.14,231.8,137.02,103.52,78.62,90.04,77.61,89.14,41.35
2025-02-05 00:00:00,604.22,234.19,148.45,51.68,229.17,137.12,102.52,79.11,90.23,78.39,89.07,42
2025-02-06 00:00:00,606.32,234.83,147.12,52.11,230.08,137.74,102.96,79.47,88.57,78.3,89.38,42.12
2025-02-07 00:00:00,600.77,232.82,146.43,51.82,225.58,137.33,102.74,79.35,88.56,78.14,88.29,41.97
2025-02-10 00:00:00,604.85,236.22,146.3,51.41,226.35,138.56,103.2,79.84,90.51,78.99,88.74,42.03
2025-02-11 00:00:00,605.31,236.33,146.03,51.54,223.78,138.61,103.37,80.61,91.24,79.39,89.26,42.26
2025-02-12 00:00:00,603.36,235.82,145.82,51.36,223.74,137.75,103.48,80.55,89.04,79.25,88.62,41.9
2025-02-13 00:00:00,609.73,239.16,146.39,51.7,227.1,137.89,104.67,81.42,89.71,79.43,90.16,42.23
2025-02-14 00:00:00,609.7,239.97,144.8,51.8,227,137.55,105.31,80.61,90.07,79.1,89.85,42.06
2025-02-18 00:00:00,611.49,242.16,144.52,52.17,226.37,138.63,104.82,80.9,91.3,79.84,90.99,42.21
2025-02-19 00:00:00,612.93,242.18,146.4,52.19,226.24,138.77,104.94,81.55,92.02,80.26,89.92,42.29
2025-02-20 00:00:00,610.38,241.41,147.22,51.39,224.29,137.86,104.45,81.23,92.86,80.25,89.71,42.58
2025-02-21 00:00:00,599.94,234.87,146.43,50.75,218.39,134.84,103.02,82.18,90.93,80.27,88.07,42.23
2025-02-24 00:00:00,597.21,231.51,147.62,50.97,217.57,134.23,103.22,82.43,90.95,79.87,87.97,42.42
2025-02-25 00:00:00,594.24,228.51,148.89,50.96,216.43,134.92,101.69,83.6,89.64,79.47,88.65,42.87
2025-02-26 00:00:00,594.54,231,147.82,50.85,215.54,135,101.51,82,89.13,79.8,88.61,42.66
2025-02-27 00:00:00,585.05,222.59,147.22,51.13,212.43,134.53,100.53,81.99,89.61,78.03,88.01,42.85
2025-02-28 00:00:00,594.18,225.53,148.93,52.18,215.96,136.33,102,83.08,91,79.22,88.76,43.15
2025-03-03 00:00:00,583.77,218.67,149.58,51.74,211.98,134.39,100.98,83.52,87.82,79.33,86.98,43.52
2025-03-04 00:00:00,576.86,218.5,148.19,49.92,208.24,131.77,100.18,82.1,86.97,78.04,85.8,43.02
2025-03-05 00:00:00,583.06,221.57,149.68,50.21,211.41,133.85,101.47,82.44,85.7,77.49,88.04,43.42
2025-03-06 00:00:00,572.71,215.42,149.27,49.38,206.05,132.7,99.65,82.59,85.96,75.88,87.58,42.23
2025-03-07 00:00:00,575.92,218.54,149.28,49.12,205.67,134.25,100.29,82.86,87.43,77.29,87.82,42.47
2025-03-10 00:00:00,560.58,209.25,147.67,48.02,198.33,132.15,97.79,82.68,88.08,78.14,85.99,42.06
2025-03-11 00:00:00,555.92,208.4,146.06,47.61,196.39,130.12,96.35,81.47,87.38,77.41,85.33,41.62
2025-03-12 00:00:00,558.87,211.68,144.6,47.68,197.53,130.11,96.83,79.7,87.78,77.17,84.93,41.47
2025-03-13 00:00:00,551.42,207.66,143.83,47.42,192.6,128.78,94.84,79.33,87.18,77.36,84.87,40.66
2025-03-14 00:00:00,562.81,213.94,144.93,48.52,196.7,131.13,96.58,79.51,89.76,78.87,85.98,41.45
2025-03-17 00:00:00,567.15,215.43,146.77,49.09,197.01,132.94,97.27,80.67,91.19,79.2,87.06,42.18
2025-03-18 00:00:00,561.02,212.15,146.84,49.03,193.5,131.88,95.91,79.75,91.34,78.65,86.91,41.92
2025-03-19 00:00:00,567.13,214.91,146.92,49.57,197.21,133.63,97.05,79.75,92.83,78.94,87.2,41.97
2025-03-20 00:00:00,565.49,213.38,147.01,49.64,196.74,132.96,96.84,79.36,93.17,79.26,86.65,41.92
2025-03-21 00:00:00,563.98,213.96,146.6,49.46,197.45,132.25,97.6,79.33,92.52,78.75,85.79,41.51
2025-03-24 00:00:00,574.08,217.63,147.15,50.15,204.29,134.29,98.69,79.4,92.85,78.17,86.54,41.82
2025-03-25 00:00:00,575.46,218.35,145.27,50.43,205.92,134.49,99.94,78.68,93.23,76.92,86.52,41.32
2025-03-26 00:00:00,568.59,213.48,144.74,50.28,203.23,133.6,99.09,79.9,93.78,77.43,86.68,41.53
2025-03-27 00:00:00,567.08,211.51,144.97,50.18,203.36,132.89,98.65,80.81,92.87,77.41,86.64,41.43
2025-03-28 00:00:00,555.66,206.38,144.52,49.21,197.04,130.15,95.74,80.41,92.43,77.98,85.05,41.41
2025-03-31 00:00:00,559.39,206.48,146.01,49.81,197.46,131.07,96.45,81.67,93.45,78.85,85.98,41.85
2025-04-01 00:00:00,560.97,207.99,143.34,49.75,199.52,131.81,96.51,81.79,94,79.05,86.3,41.88
2025-04-02 00:00:00,564.52,209.53,144.3,50.16,203.31,133.05,96.85,81.55,94.13,79.42,87.01,42.08
2025-04-03 00:00:00,536.7,195.23,143.13,47.69,191.03,125.85,92.53,82.02,86.74,78.92,83.08,40.82
2025-04-04 00:00:00,505.28,182.37,135.28,44.2,182.79,117.94,87.23,78.46,78.76,74.53,77.88,38.96
2025-04-07 00:00:00,504.38,183.46,134.47,44.09,180.63,117.39,87.35,77.55,78.25,73.39,76.63,38.02
2025-04-08 00:00:00,496.48,179.73,132.98,43.92,176.34,116.42,86.13,76.35,76.44,73.09,74.27,37.08
2025-04-09 00:00:00,548.62,203.86,138.76,47.23,195.54,126.76,93.74,79.31,82.36,75.97,80.76,39.21
2025-04-10 00:00:00,524.58,194.37,134.89,45.91,187.9,123.49,90.5,79.35,76.98,75.4,78.18,38.38
2025-04-11 00:00:00,533.94,198.35,136.87,46.67,189.72,125.67,91.27,80.35,78.89,76.32,80.5,38.92
2025-04-14 00:00:00,539.12,200.16,138.54,47.15,190.27,126.98,91.88,81.72,79.17,77.69,81.47,39.78
2025-04-15 00:00:00,537.61,200.89,137.69,47.27,188.9,126.35,92.11,81.03,79.05,77.68,80.83,39.84
2025-04-16 00:00:00,525.66,193.91,136.29,46.53,184.24,124.62,89.63,80.16,79.7,76.98,80.2,39.82
2025-04-17 00:00:00,526.41,192.86,135.49,46.65,185.4,125.3,90.21,81.87,81.5,77.77,80.75,40.45
2025-04-21 00:00:00,513.88,187.88,132.57,45.65,180.45,122.49,88.18,81.09,79.37,75.93,79.52,39.61
2025-04-22 00:00:00,527.25,192.46,135.06,47.16,186.16,124.63,90.48,82.24,81.39,78,81.38,40.42
2025-04-23 00:00:00,535.42,198.04,135.73,47.72,190.32,126.19,91.93,81.77,81.24,78.33,81.48,40.47
2025-04-24 00:00:00,546.69,205.43,137.39,48.25,194.11,129.02,93.77,81.05,82.54,78.45,83.24,40.59
2025-04-25 00:00:00,550.64,208.47,138.05,48.02,197.6,129.01,94.36,80.84,82.39,78.21,82.62,40.53
2025-04-28 00:00:00,550.85,208.13,138.6,48.17,197.67,129.44,94.72,80.57,82.97,78.69,82.77,40.78
2025-04-29 00:00:00,554.32,209.1,139.28,48.67,199.07,130.28,95.41,81.24,82.73,79.3,83.46,41.11
2025-04-30 00:00:00,554.54,209.97,140.47,48.76,197.26,131.22,95.44,81.83,80.5,78.9,83.89,41.3
2025-05-01 00:00:00,558.47,213.05,136.64,48.75,198.35,132.21,95.93,81.12,80.8,79.13,83.52,41.42
2025-05-02 00:00:00,566.76,216.61,138.53,49.76,201.43,134.58,97.42,81.56,81.98,79.75,84.93,41.93
2025-05-05 00:00:00,563.51,215.46,138.14,49.44,199.29,134.65,97.65,81.49,80.5,79.55,84.3,41.88
2025-05-06 00:00:00,558.8,213.67,134.33,49.16,197.55,133.47,97.63,81.35,80.52,80.52,83.69,41.59
2025-05-07 00:00:00,561.15,215.81,135.36,49.45,199.09,134.15,97.45,81.48,80.55,80.75,83.23,41.56
2025-05-08 00:00:00,565.06,217.87,134.14,49.86,201.44,136,97.68,81.38,81.61,80.1,84.34,41.36
2025-05-09 00:00:00,564.34,217.6,132.68,49.86,202.41,136.11,97.18,80.91,82.43,80.24,84.56,41.61
2025-05-12 00:00:00,582.99,227.7,135.96,50.87,212.47,140.3,99.2,81.03,84.58,79.76,86.52,41.65
2025-05-13 00:00:00,586.84,232.62,131.87,51.08,215.28,141.28,100.17,79.94,85.77,79.65,86.09,41.09
2025-05-14 00:00:00,587.59,234.13,128.77,50.94,216.11,140.6,100.69,79.51,85.25,79.3,85.3,40.74
2025-05-15 00:00:00,590.46,234.45,130.46,51.28,215.63,142.16,101.09,81.14,85.61,80.99,86.17,41.49
2025-05-16 00:00:00,594.2,234.89,133.09,51.59,217.67,143.78,101.78,82.07,85.48,82.18,87.05,42.01
2025-05-19 00:00:00,594.85,234.55,134.37,51.62,217.16,144.27,101.88,82.31,84.37,82.53,87.27,42.1
2025-05-20 00:00:00,592.85,233.67,134.7,51.34,216.03,143.75,101.63,82.6,83.59,82.77,87.12,41.88
2025-05-21 00:00:00,582.86,229.28,131.58,50.29,211.65,141.32,100.87,81.64,82.05,81.26,85.96,40.77
2025-05-22 00:00:00,583.09,229.34,130.55,50.23,212.56,141.29,100.65,81.3,81.73,80.1,85.87,40.63
2025-05-23 00:00:00,579.11,226.81,130.34,50.05,210.65,140.83,100.19,81.6,81.99,81.06,85.7,40.64
2025-05-27 00:00:00,591.15,232.2,132.16,50.93,216.87,143.31,101.82,82.34,82.7,81.67,87.2,41.31
2025-05-28 00:00:00,587.73,231.24,131.48,50.59,214.88,142.6,101.8,81.78,81.65,80.53,86.01,41.31
2025-05-29 00:00:00,590.05,231.63,132.36,50.85,214.97,142.73,100.98,82.11,82.26,81.09,86.33,41.69
2025-05-30 00:00:00,589.39,230.91,132.64,50.96,213.8,142.82,101.4,82.83,81.53,81.92,86.34,41.73
2025-06-02 00:00:00,592.71,232.95,132.72,50.98,214.3,142.64,101.9,82.88,82.6,82.18,86.85,41.79
2025-06-03 00:00:00,596.09,236.45,133.03,51.08,215.44,143.74,101.61,82.8,83.58,82.4,87.74,41.64
2025-06-04 00:00:00,595.93,236.8,133.29,50.79,214.87,143.82,102.26,82.22,81.95,80.96,88.07,41.77
2025-06-05 00:00:00,593.05,236.13,133.11,50.65,209.45,143.72,102.4,81.43,81.87,80.83,87.55,41.76
2025-06-06 00:00:00,599.14,238.36,134.38,51.28,212.17,144.93,103.71,81.69,83.41,81.19,87.78,41.88
2025-06-09 00:00:00,599.68,239.53,134.15,51,213.87,144.8,103.41,81.58,83.57,80.67,88.37,41.86
2025-06-10 00:00:00,603.08,240.87,135.68,51.06,216.43,144.17,104.72,81.76,85.06,80.86,88.92,42.23
2025-06-11 00:00:00,601.36,240.34,135.75,51,214.72,144.24,104.48,81.48,86.29,80.91,88.04,42
2025-06-12 00:00:00,603.75,242.57,136.81,51,213.71,143.86,103.63,81.96,86.59,81.89,88.41,42.23
2025-06-13 00:00:00,597,239.17,136.13,49.96,211.74,142.65,102.58,80.96,88.1,81.42,87.38,41.89
2025-06-16 00:00:00,602.68,243.04,135.71,50.53,214.02,143.63,104.34,81.22,87.84,81.02,88.12,41.93
2025-06-17 00:00:00,597.53,241.32,133.47,50.24,210.33,142.55,103.42,80.53,88.66,80.35,87.26,41.76
2025-06-18 00:00:00,597.44,241.61,133.24,50.22,210.43,142.21,103.47,80.43,88.08,80.56,87.01,41.84
2025-06-20 00:00:00,594.28,240.54,132.6,50.36,210.68,142.37,102.84,81.02,88.98,80.78,86.42,41.83
2025-06-23 00:00:00,600.15,242.88,132.16,50.82,214.4,143.86,103.89,81.4,86.03,81.24,86.94,42.06
2025-06-24 00:00:00,606.78,247.24,133.78,51.58,215.59,145.06,105.23,81.33,84.91,81.59,87.66,42.26
2025-06-25 00:00:00,607.12,249.35,133.9,51.41,213.05,143.78,105.21,80.24,84.54,80.5,86.82,41.23
2025-06-26 00:00:00,611.87,251.07,134.22,51.79,215.01,145.34,106.43,80.17,85.75,81.17,87.78,40.97
2025-06-27 00:00:00,614.91,250.77,133.93,51.94,218.59,146.79,107.68,80.55,85.3,81.33,87.89,41.12
2025-06-30 00:00:00,617.85,253.23,134.79,52.37,217.33,147.52,108.53,80.97,84.81,81.66,87.81,41.42
2025-07-01 00:00:00,617.65,250.97,136.71,52.66,218.26,148.01,107.76,81.98,85.46,81.94,90.08,41.7
2025-07-02 00:00:00,620.45,253.62,135.36,52.62,220.01,148.16,107.45,82.22,86.93,81.23,91.43,41.78
2025-07-03 00:00:00,625.34,256.96,135.5,53.19,221.21,149.42,108.04,82.18,87.03,81.84,91.37,41.8
2025-07-07 00:00:00,620.68,254.92,134.36,52.68,218.4,148.9,107,82.11,86.19,82.01,90.49,41.48
2025-07-08 00:00:00,620.34,256.29,134.97,52.21,217.66,148.86,106.78,81.35,88.51,81.14,91.23,41.42
2025-07-09 00:00:00,624.06,257.83,135.49,52.4,218.95,149.9,107.06,80.82,88.06,81.9,91.78,41.4
2025-07-10 00:00:00,625.82,256.98,136.32,52.71,221.37,150.74,106.7,81.11,88.73,82.57,92.27,41.61
2025-07-11 00:00:00,623.62,255.85,135.19,52.16,221.43,150.2,106.01,80.81,89.13,82.45,91.52,41.57
2025-07-14 00:00:00,624.81,255.64,135.03,52.55,222.25,151.01,107.05,80.88,88.15,82.78,91.01,41.85
2025-07-15 00:00:00,622.14,257.91,132.6,51.65,219.07,149.88,105.99,80.07,86.88,81.99,89.14,41.31
2025-07-16 00:00:00,624.22,258.71,134.25,52.01,219.47,150.41,106.31,80.35,86.13,82.03,89.38,41.76
2025-07-17 00:00:00,628.04,261.06,132.72,52.51,220.22,151.8,106.68,81.11,86.66,82.37,90.01,41.72
2025-07-18 00:00:00,627.58,260.89,131.84,52.54,222.17,151.46,106.19,80.89,85.96,83.75,90.22,41.84
2025-07-21 00:00:00,628.77,261.23,131.09,52.39,223.22,150.66,107.61,80.88,85.07,84.02,90.68,42